excel_sheet,excel_row,year,operation_name_raw,operation_name_canonical_candidate,source_url,matched_source_slug,matched_operation_slug,excel_agencies,wiki_agencies,excel_countries,wiki_countries,excel_crime_types,wiki_crime_types,review_status,review_note
1_데이터수집(URL),2,2015,(가칭)Operation Phishing Syndicate,operation-phishing-syndicate,https://www.europol.europa.eu/media-press/newsroom/news/international-operation-dismantles-criminal-group-of-cyber-fraudsters,2015-06-01_europol-europa-eu_international-operation-dismantles-criminal-group-of-cyber-fraudsters,cyber-fraud-international-2015,eurojust;europol-ec3;uk-nca,eurojust;europol-ec3;polizia-di-stato;spanish-national-police,belgium;georgia;italy;poland;spain;united-kingdom,belgium;georgia;italy;poland;spain;united-kingdom,malware-ic,,matched,
1_데이터수집(URL),3,2023,(가칭)Operation Crypto Blender,operation-crypto-blender,https://cyberscoop.com/russians-crypto-mixers-doj-charges/,,imminent-monitor-rat-takedown,fbi-cyber-division;us-doj,australia-afp;eurojust;europol-ec3,finland;netherlands;united-states,australia;colombia;czech-republic;netherlands;poland;spain;sweden;united-kingdom,,malware-ic,matched,no_target_six_crime_type_detected
1_데이터수집(URL),4,2015,(가칭)Operation Russian Ransom,operation-russian-ransom,https://www.businessinsider.com/flashpoint-report-ransomware-2016-6,,imminent-monitor-rat-takedown,fbi-cyber-division,australia-afp;eurojust;europol-ec3,russia;united-states,australia;colombia;czech-republic;netherlands;poland;spain;sweden;united-kingdom,ransomware-ic,malware-ic,matched,
1_데이터수집(URL),5,2025,(가칭)Operation Asia ScamHub,operation-asia-scamhub,https://timesofindia.indiatimes.com/india/myanmar-style-cybercrime-operation-busted-near-andhra-sez-100-detained/articleshow/121324448.cms,,imminent-monitor-rat-takedown,,australia-afp;eurojust;europol-ec3,australia;india;united-kingdom;united-states,australia;colombia;czech-republic;netherlands;poland;spain;sweden;united-kingdom,,malware-ic,matched,no_target_six_crime_type_detected
1_데이터수집(URL),6,2023,(가칭)Operation Africa CyberDesk,operation-africa-cyberdesk,https://www.interpol.int/News-and-Events/News/2021/INTERPOL-launches-initiative-to-fight-cybercrime-in-Africa,,imminent-monitor-rat-takedown,interpol,australia-afp;eurojust;europol-ec3,,australia;colombia;czech-republic;netherlands;poland;spain;sweden;united-kingdom,,malware-ic,matched,no_target_six_crime_type_detected
1_데이터수집(URL),7,2022,(가칭)Operation FakeMall Takedown,operation-fakemall-takedown,https://www.europol.europa.eu/media-press/newsroom/news/fraudulent-shopping-sites-tied-to-cybercrime-marketplace-taken-offline,2024-12-04_europol-europa-eu_fraudulent-shopping-sites-tied-to-cybercrime-marketplace-taken-offline,fake-shopping-sites-takedown-2024,dutch-police;europol-ec3;germany-bka,czechia-police;europol-ec3;german-police;netherlands-politie;poland-police,austria;finland;germany;netherlands;norway,austria;czechia;finland;germany;netherlands;poland,,,matched,no_target_six_crime_type_detected
1_데이터수집(URL),8,2016,(가칭)Operation Mike,operation-mike,https://news.sophos.com/en-us/2016/08/02/nigerian-scammer-arrested-for-60-million-email-fraud/,,imminent-monitor-rat-takedown,interpol,australia-afp;eurojust;europol-ec3,china;united-states,australia;colombia;czech-republic;netherlands;poland;spain;sweden;united-kingdom,,malware-ic,matched,no_target_six_crime_type_detected
1_데이터수집(URL),9,2017,(가칭)Operation Teenage Breach,operation-teenage-breach,https://www.walesonline.co.uk/news/wales-news/teenager-wales-charged-international-computer-11737455,,imminent-monitor-rat-takedown,europol-ec3,australia-afp;eurojust;europol-ec3,united-kingdom;united-states,australia;colombia;czech-republic;netherlands;poland;spain;sweden;united-kingdom,,malware-ic,matched,no_target_six_crime_type_detected
1_데이터수집(URL),10,2021,(가칭)Operation PeerWatch,operation-peerwatch,https://timesofmalta.com/article/malta-police-taking-part-in-european-cyber-crime-operation.641343,,imminent-monitor-rat-takedown,europol-ec3,australia-afp;eurojust;europol-ec3,,australia;colombia;czech-republic;netherlands;poland;spain;sweden;united-kingdom,csam-ic,malware-ic,matched,
1_데이터수집(URL),11,2017,(가칭)Operation CardHack London,operation-cardhack-london,https://www.bbc.com/news/uk-41240643,,imminent-monitor-rat-takedown,uk-nca,australia-afp;eurojust;europol-ec3,united-kingdom,australia;colombia;czech-republic;netherlands;poland;spain;sweden;united-kingdom,,malware-ic,matched,no_target_six_crime_type_detected;no_clear_international_cooperation_signal
1_데이터수집(URL),12,2017,(가칭)Operation ASEAN Sweep,operation-asean-sweep,https://www.freemalaysiatoday.com/category/nation/2017/04/24/interpol-finds-9000-compromised-websites,2017-04-24_freemalaysiatoday-com_interpol-finds-9000-compromised-websites,imminent-monitor-rat-takedown,interpol,australia-afp;eurojust;europol-ec3,china,australia;colombia;czech-republic;netherlands;poland;spain;sweden;united-kingdom,malware-ic;ransomware-ic,malware-ic,matched,
1_데이터수집(URL),13,2017,(가칭)Operation WannaCry,operation-wannacry,https://time.com/4781809/ransomware-attack-north-korea-wannacry/,,imminent-monitor-rat-takedown,fbi-cyber-division,australia-afp;eurojust;europol-ec3,china;israel;russia;south-korea;united-kingdom;united-states,australia;colombia;czech-republic;netherlands;poland;spain;sweden;united-kingdom,ransomware-ic,malware-ic,matched,
1_데이터수집(URL),14,2017,(가칭)Operation Fiji Fraud,operation-fiji-fraud,https://www.arabnews.com/node/1141451/world,,imminent-monitor-rat-takedown,,australia-afp;eurojust;europol-ec3,china,australia;colombia;czech-republic;netherlands;poland;spain;sweden;united-kingdom,,malware-ic,matched,no_target_six_crime_type_detected;no_clear_international_cooperation_signal
1_데이터수집(URL),15,2018,(가칭)Operation MoneyTaker,operation-moneytaker,https://cyberscoop.com/money-taker-group-ib-banking-hack-russia/,,imminent-monitor-rat-takedown,,australia-afp;eurojust;europol-ec3,russia;united-kingdom;united-states,australia;colombia;czech-republic;netherlands;poland;spain;sweden;united-kingdom,,malware-ic,matched,no_target_six_crime_type_detected
1_데이터수집(URL),16,2017,(가칭)Operation QatarLeak,operation-qatarleak,https://www.aljazeera.com/news/2017/6/7/qatar-reveals-preliminary-results-of-qna-hacking-probe,,imminent-monitor-rat-takedown,fbi-cyber-division;uk-nca,australia-afp;eurojust;europol-ec3,united-kingdom;united-states,australia;colombia;czech-republic;netherlands;poland;spain;sweden;united-kingdom,,malware-ic,matched,no_target_six_crime_type_detected
1_데이터수집(URL),17,2018,(가칭)Operation Manila Gamble,operation-manila-gamble,https://www.gmanetwork.com/news/topstories/metro/676254/15-chinese-nationals-arrested-for-illegal-online-gambling/story/,,imminent-monitor-rat-takedown,,australia-afp;eurojust;europol-ec3,china,australia;colombia;czech-republic;netherlands;poland;spain;sweden;united-kingdom,,malware-ic,matched,no_target_six_crime_type_detected;no_clear_international_cooperation_signal
1_데이터수집(URL),18,2018,(가칭)Operation EagleNet,operation-eaglenet,https://www.vanguardngr.com/2018/06/efcc-fbi-partner-fight-cybercrime/,,imminent-monitor-rat-takedown,fbi-cyber-division,australia-afp;eurojust;europol-ec3,united-states,australia;colombia;czech-republic;netherlands;poland;spain;sweden;united-kingdom,,malware-ic,matched,no_target_six_crime_type_detected;no_clear_international_cooperation_signal
1_데이터수집(URL),19,2018,(가칭)Operation CardStorm,operation-cardstorm,https://www.bbc.com/news/uk-43893420,bbc-banking-trojan-fraud-sentencing,imminent-monitor-rat-takedown,fbi-cyber-division;uk-nca,australia-afp;eurojust;europol-ec3,france;germany;united-kingdom;united-states,australia;colombia;czech-republic;netherlands;poland;spain;sweden;united-kingdom,,malware-ic,matched,no_target_six_crime_type_detected
1_데이터수집(URL),20,2018,(가칭)Operation Carbanak,operation-carbanak,https://www.europol.europa.eu/media-press/newsroom/news/mastermind-behind-eur-1-billion-cyber-bank-robbery-arrested-in-spain,2018-03-01_europol-europa-eu_mastermind-behind-eur-1-billion-cyber-bank-robbery-arrested-in-spain,carbanak-cobalt-takedown,europol-ec3;fbi-cyber-division,europol-ec3;fbi;kaspersky-lab;romanian-police;spanish-national-police,romania;spain;united-states,romania;spain;united-states,malware-ic,malware-ic,matched,
1_데이터수집(URL),21,2018,(가칭)Operation Infraud,operation-infraud,https://www.voanews.com/a/thais-arrest-alleged-russian-cybercrime-market-operator/4246130.html,2018-02-07_voanews-com_4246130,infraud-organization-takedown,uk-nca;us-doj,fbi-cyber-division;thailand-royal-police;us-dhs;us-doj,australia;france;italy;kosovo;serbia;united-kingdom;united-states,australia;france;italy;kosovo;serbia;thailand;united-kingdom;united-states,malware-ic,dark-web-ic;malware-ic,matched,
1_데이터수집(URL),22,2018,(가칭)Operation RexMundi,operation-rexmundi,https://www.europol.europa.eu/media-press/newsroom/news/french-coder-who-helped-extort-british-company-arrested-in-thailand,2018-05-18_europol-europa-eu_french-coder-who-helped-extort-british-company-arrested-in-thailand,operation-europol-french-coder-who-helped-extort-british-company-arrested-in-thailand,europol-ec3,europol-ec3,france;united-kingdom,belgium;france;thailand;united-kingdom,,,matched,no_target_six_crime_type_detected
1_데이터수집(URL),23,2018,(가칭)Operation ATM Havoc,operation-atm-havoc,https://www.thirdway.org/report/countering-the-cyber-enforcement-gap-strengthening-global-capacity-on-cybercrime,,imminent-monitor-rat-takedown,europol-ec3;fbi-cyber-division,australia-afp;eurojust;europol-ec3,romania;spain;united-states,australia;colombia;czech-republic;netherlands;poland;spain;sweden;united-kingdom,malware-ic,malware-ic,matched,
1_데이터수집(URL),24,2019,(가칭)Operation GozNym,operation-goznym,https://www.eurojust.europa.eu/news/goznym-malware-cybercriminal-network-dismantled-international-operation,,goznym-takedown,eurojust;europol-ec3;fbi-cyber-division,bulgaria-general-directorate-for-combatting-organized-crime;eurojust;europol-ec3;fbi-cyber-division;general-police-inspectorate-of-moldova;lueneburg-police-germany;ministry-of-internal-affairs-of-georgia;national-police-of-ukraine;ncfta;office-of-international-affairs;office-of-the-prosecutor-general-of-georgia;office-of-the-prosecutor-general-of-the-republic-of-moldova;prosecutor-general-s-office-of-ukraine;public-prosecutor-s-office-verden-germany;shadowserver;supreme-prosecutor-s-office-of-cassation-of-bulgaria;u-s-attorney-s-office-for-the-western-district-of-pennsylvania;us-secret-service,georgia;germany;ukraine;united-states,bulgaria;georgia;germany;moldova;ukraine;united-states,malware-ic,malware-ic,matched,
1_데이터수집(URL),25,2019,(가칭)Operation Thallium Block,operation-thallium-block,https://blogs.microsoft.com/on-the-issues/2019/12/30/microsoft-court-action-against-nation-state-cybercrime/,,imminent-monitor-rat-takedown,,australia-afp;eurojust;europol-ec3,south-korea;united-states,australia;colombia;czech-republic;netherlands;poland;spain;sweden;united-kingdom,malware-ic,malware-ic,matched,
1_데이터수집(URL),26,2019,(가칭)Operation Manila 600,operation-manila-600,https://www.scmp.com/news/asia/southeast-asia/article/3027741/more-320-chinese-arrested-philippines-illegal-online,,imminent-monitor-rat-takedown,,australia-afp;eurojust;europol-ec3,china,australia;colombia;czech-republic;netherlands;poland;spain;sweden;united-kingdom,,malware-ic,matched,no_target_six_crime_type_detected;no_clear_international_cooperation_signal
1_데이터수집(URL),27,2020,(가칭)Operation Latvian Wash,operation-latvian-wash,https://eng.lsm.lv/article/society/crime/latvian-police-played-leading-role-in-us-cybercrime-crackdown.a378200/,,imminent-monitor-rat-takedown,europol-ec3;fbi-cyber-division;us-doj,australia-afp;eurojust;europol-ec3,united-states,australia;colombia;czech-republic;netherlands;poland;spain;sweden;united-kingdom,,malware-ic,matched,no_target_six_crime_type_detected
1_데이터수집(URL),28,2020,(가칭)Operation Karachi Stalk,operation-karachi-stalk,https://dailytimes.com.pk/676333/ae7-architect-george-girgis-behind-fake-accounts-cybercrime-network/#google_vignette,,imminent-monitor-rat-takedown,,australia-afp;eurojust;europol-ec3,united-kingdom;united-states,australia;colombia;czech-republic;netherlands;poland;spain;sweden;united-kingdom,,malware-ic,matched,no_target_six_crime_type_detected
1_데이터수집(URL),29,2021,(가칭)Operation DoubleVPN,operation-doublevpn,https://www.welivesecurity.com/2021/06/30/global-police-vpn-service-cybercriminals/,,doublevpn-takedown,fbi-cyber-division;interpol,canada-rcmp;eurojust;europol-ec3;fbi-cyber-division;germany-bka;netherlands-politie;uk-nca;us-doj;us-secret-service,australia;canada;india;united-states,bulgaria;canada;germany;italy;netherlands;sweden;switzerland;united-kingdom;united-states,,ransomware-ic,matched,no_target_six_crime_type_detected
1_데이터수집(URL),30,2021,(가칭)Operation TrickBot Witte,operation-trickbot-witte,https://www.bloomberg.com/news/articles/2021-06-09/hacker-known-as-max-is-55-year-old-woman-from-russia-u-s-says,,imminent-monitor-rat-takedown,fbi-cyber-division;us-doj,australia-afp;eurojust;europol-ec3,russia;united-states,australia;colombia;czech-republic;netherlands;poland;spain;sweden;united-kingdom,malware-ic;ransomware-ic,malware-ic,matched,
1_데이터수집(URL),31,2022,(가칭)Operation Black Axe,operation-black-axe,https://therecord.media/us-arrests-33-bec-scammers-linked-to-nigerian-crime-syndicate,,black-axe-bec-2021,fbi-cyber-division;us-doj,interpol,united-states,international;ireland;nigeria;south-africa;united-kingdom;united-states,,,matched,no_target_six_crime_type_detected;no_clear_international_cooperation_signal
1_데이터수집(URL),32,2022,(가칭)Operation Marketplace A,operation-marketplace-a,https://cyberscoop.com/igor-dekhtyarchuk-marketplace-a-indictment-doj-fbi/,2022-03-22_cyberscoop_igor-dekhtyarchuk-marketplace-a-indictment-doj-fbi,operation-ssndob-marketplace-administrator-pleads-guilty-to-charges-related-to-his-operation-of-a-series-of-websites-tha,fbi-cyber-division;us-doj,us-doj,united-states,united-states,,,matched,no_target_six_crime_type_detected;no_clear_international_cooperation_signal
1_데이터수집(URL),33,2022,(가칭)Operation Molo Sanction,operation-molo-sanction,https://www.pressherald.com/2022/04/06/u-s-charges-russian-oligarch-dismantles-cybercrime-operation/,,imminent-monitor-rat-takedown,fbi-cyber-division;us-doj,australia-afp;eurojust;europol-ec3,united-states,australia;colombia;czech-republic;netherlands;poland;spain;sweden;united-kingdom,,malware-ic,matched,no_target_six_crime_type_detected;no_clear_international_cooperation_signal
1_데이터수집(URL),34,2022,(가칭)Operation Raccoon Sweep,operation-raccoon-sweep,https://www.scworld.com/brief/cybercriminals-increasingly-using-caramel-credit-card-theft-service,,imminent-monitor-rat-takedown,dutch-police;fbi-cyber-division;us-doj,australia-afp;eurojust;europol-ec3,italy;netherlands;united-states,australia;colombia;czech-republic;netherlands;poland;spain;sweden;united-kingdom,,malware-ic,matched,no_target_six_crime_type_detected
1_데이터수집(URL),35,2023,(가칭)Operation IRS Scamcall,operation-irs-scamcall,https://theprint.in/india/delhi-police-busts-international-cyber-crime-syndicate-in-operation-with-fbi-interpol/1631464/,,imminent-monitor-rat-takedown,fbi-cyber-division;interpol,australia-afp;eurojust;europol-ec3,india;united-states,australia;colombia;czech-republic;netherlands;poland;spain;sweden;united-kingdom,,malware-ic,matched,no_target_six_crime_type_detected
1_데이터수집(URL),36,2023,(가칭)Operation Hive Collapse,operation-hive-collapse,https://www.europol.europa.eu/media-press/newsroom/news/cybercriminals-stung-hive-infrastructure-shut-down,2023-01-26_europol-europa-eu_cybercriminals-stung-as-hive-infrastructure-shut-down,hive-ransomware-takedown,dutch-police;europol-ec3;fbi-cyber-division;uk-nca;us-doj,dutch-police;europol-ec3;fbi;german-bka;uk-nca;us-secret-service;usdoj,canada;france;germany;ireland;lithuania;netherlands;norway;romania;spain;sweden;united-kingdom;united-states,canada;france;germany;ireland;lithuania;netherlands;norway;portugal;romania;spain;sweden;united-kingdom;united-states,ransomware-ic,malware-ic,matched,
1_데이터수집(URL),37,2023,(가칭)Operation RansomCollective,operation-ransomcollective,https://www.sentinelone.com/blog/december-2023-cybercrime-update-extortion-trends-identity-focused-attacks-counter-operations/,,imminent-monitor-rat-takedown,europol-ec3;fbi-cyber-division;us-doj,australia-afp;eurojust;europol-ec3,germany;italy;spain;ukraine;united-states,australia;colombia;czech-republic;netherlands;poland;spain;sweden;united-kingdom,malware-ic;ransomware-ic,malware-ic,matched,
1_데이터수집(URL),38,2024,(가칭)Operation AI Sentinel,operation-ai-sentinel,https://thehackernews.com/2024/10/openai-blocks-20-global-malicious.html,,imminent-monitor-rat-takedown,,australia-afp;eurojust;europol-ec3,china;india;israel;united-states,australia;colombia;czech-republic;netherlands;poland;spain;sweden;united-kingdom,malware-ic,malware-ic,matched,
1_데이터수집(URL),39,2023,(가칭)Operation Genesis,operation-genesis,https://rcmp.ca/en/gazette/rcmp-specialized-unit-combats-cybercrime-through-teamwork,,imminent-monitor-rat-takedown,fbi-cyber-division,australia-afp;eurojust;europol-ec3,australia;canada;finland;france;germany;netherlands;norway;poland;romania;sweden;switzerland;united-kingdom;united-states,australia;colombia;czech-republic;netherlands;poland;spain;sweden;united-kingdom,ransomware-ic,malware-ic,matched,
1_데이터수집(URL),40,2024,(가칭)Operation Ivanov Cutoff,operation-ivanov-cutoff,https://therecord.media/cryptocurrency-exchanges-seizures-ivanov-sanctions-us-netherlands,,imminent-monitor-rat-takedown,dutch-police;us-doj,australia-afp;eurojust;europol-ec3,netherlands;united-states,australia;colombia;czech-republic;netherlands;poland;spain;sweden;united-kingdom,ransomware-ic,malware-ic,matched,
1_데이터수집(URL),41,2024,(가칭)Operation Rydox,operation-rydox,https://cyberscoop.com/rydox-cybercriminal-marketplace-seized-doj-albania-kosovo/,2024-12-12_cyberscoop-com_rydox-cybercriminal-marketplace-seized-doj-albania-kosovo,rydox-marketplace-takedown,fbi-cyber-division,fbi-cyber-division;us-doj,kosovo;united-states,albania;kosovo;malaysia;united-states,,,matched,no_target_six_crime_type_detected
1_데이터수집(URL),42,2023,(가칭)Operation ScamCamp,operation-scamcamp,https://www.nytimes.com/2024/09/10/business/scammers-trafficking-cybercrime.html,,imminent-monitor-rat-takedown,interpol,australia-afp;eurojust;europol-ec3,,australia;colombia;czech-republic;netherlands;poland;spain;sweden;united-kingdom,,malware-ic,matched,no_target_six_crime_type_detected
1_데이터수집(URL),43,2024,(가칭)Operation Warzone RAT,operation-warzone-rat,https://www.theguardian.com/australia-news/2024/feb/13/daniel-meli-arrest-malta-cybercrime-australia-trojan-software,,imminent-monitor-rat-takedown,fbi-cyber-division;us-doj,australia-afp;eurojust;europol-ec3,australia;united-states,australia;colombia;czech-republic;netherlands;poland;spain;sweden;united-kingdom,malware-ic,malware-ic,matched,
1_데이터수집(URL),44,2024,(가칭)Operation 911 S5,operation-911-s5,https://www.business-standard.com/world-news/man-suspected-of-operating-world-s-largest-ever-cybercrime-botnet-held-124053000064_1.html,,imminent-monitor-rat-takedown,fbi-cyber-division;us-doj,australia-afp;eurojust;europol-ec3,united-states,australia;colombia;czech-republic;netherlands;poland;spain;sweden;united-kingdom,csam-ic,malware-ic,matched,no_clear_international_cooperation_signal
1_데이터수집(URL),45,2024,(가칭)Operation PopeyeTools,operation-popeyetools,https://thecyberexpress.com/justice-department-shuts-popeyetools-website/,,imminent-monitor-rat-takedown,fbi-cyber-division;us-doj,australia-afp;eurojust;europol-ec3,united-kingdom;united-states,australia;colombia;czech-republic;netherlands;poland;spain;sweden;united-kingdom,ransomware-ic,malware-ic,matched,
1_데이터수집(URL),46,2024,(가칭)Operation Lusaka Scam,operation-lusaka-scam,https://therecord.media/zambia-guilty-pleas-chinese-nationals-scam-call-center,2024-06-05-therecord-zambia-golden-top-guilty-pleas,zambia-golden-top-call-center,,zambia-anti-terrorism-unit;zambia-drug-enforcement-commission-dec;zambia-immigration-department;zambia-police-service,china,china;zambia,,,matched,no_target_six_crime_type_detected;no_clear_international_cooperation_signal
1_데이터수집(URL),47,2022,(가칭)Operation JP Morgan,operation-jp-morgan,https://www.occrp.org/en/news/ransomware-kingpin-extradited-to-us-faces-decades-in-prison,,imminent-monitor-rat-takedown,fbi-cyber-division;uk-nca;us-doj,australia-afp;eurojust;europol-ec3,spain;united-kingdom;united-states,australia;colombia;czech-republic;netherlands;poland;spain;sweden;united-kingdom,malware-ic;ransomware-ic,malware-ic,matched,
1_데이터수집(URL),48,2024,(가칭)Operation Belgium Phish,operation-belgium-phish,https://thehackernews.com/2024/12/phone-phishing-gang-busted-eight.html,,imminent-monitor-rat-takedown,dutch-police;eurojust;europol-ec3,australia-afp;eurojust;europol-ec3,belgium;netherlands,australia;colombia;czech-republic;netherlands;poland;spain;sweden;united-kingdom,voice-phishing-ic,malware-ic,matched,
1_데이터수집(URL),49,2023,(가칭)Operation XHelper,operation-xhelper,https://thehackernews.com/2024/03/how-cybercriminals-are-exploiting.html,,imminent-monitor-rat-takedown,europol-ec3,australia-afp;eurojust;europol-ec3,china;india,australia;colombia;czech-republic;netherlands;poland;spain;sweden;united-kingdom,malware-ic,malware-ic,matched,
1_데이터수집(URL),50,2024,(가칭)Operation Telangana Scam,operation-telangana-scam,https://the420.in/telangana-cyber-security-bureau-cracks-down-on-cybercrime-arrests-21-cybercrime-criminals-in-major-operation/,,imminent-monitor-rat-takedown,,australia-afp;eurojust;europol-ec3,india,australia;colombia;czech-republic;netherlands;poland;spain;sweden;united-kingdom,,malware-ic,matched,no_target_six_crime_type_detected;no_clear_international_cooperation_signal
1_데이터수집(URL),51,2024,(가칭)Operation Naija CyberFront,operation-naija-cyberfront,https://www.arise.tv/interpol-nigeria-setting-pace-in-fight-against-cybercrime-in-africa/#google_vignette,,imminent-monitor-rat-takedown,interpol;uk-nca,australia-afp;eurojust;europol-ec3,france;united-kingdom,australia;colombia;czech-republic;netherlands;poland;spain;sweden;united-kingdom,,malware-ic,matched,no_target_six_crime_type_detected
1_데이터수집(URL),52,2024,(가칭)Operation Grandparent Scam,operation-grandparent-scam,https://dominicantoday.com/dr/local/2024/09/25/santiago-prosecutors-office-charges-21-in-major-cybercrime-operation-targeting-elderly-americans/,,imminent-monitor-rat-takedown,fbi-cyber-division;us-doj,australia-afp;eurojust;europol-ec3,united-states,australia;colombia;czech-republic;netherlands;poland;spain;sweden;united-kingdom,,malware-ic,matched,no_target_six_crime_type_detected;no_clear_international_cooperation_signal
1_데이터수집(URL),53,2024,(가칭)Operation Kandy Sweep,operation-kandy-sweep,https://lankasara.com/news/the-growing-menace-of-chinese-cyber-criminals-in-sri-lanka-behind-the-kandy-arrest/,,imminent-monitor-rat-takedown,,australia-afp;eurojust;europol-ec3,china;india,australia;colombia;czech-republic;netherlands;poland;spain;sweden;united-kingdom,,malware-ic,matched,no_target_six_crime_type_detected
1_데이터수집(URL),54,2024,(가칭)Operation Nemesis Market,operation-nemesis-market,https://therecord.media/nemesis-cybercrime-market-takedown-germany,the-record-911-s5-botnet-dismantling,imminent-monitor-rat-takedown,fbi-cyber-division;germany-bka,australia-afp;eurojust;europol-ec3,germany;lithuania;united-states,australia;colombia;czech-republic;netherlands;poland;spain;sweden;united-kingdom,ransomware-ic,malware-ic,matched,
1_데이터수집(URL),55,2024,(가칭)Operation Quezon FakeGov,operation-quezon-fakegov,https://dailypost.ng/2024/10/29/nigerian-national-wanted-in-us-cybercrime-case-arrested-in-philippines/,,imminent-monitor-rat-takedown,fbi-cyber-division;us-doj,australia-afp;eurojust;europol-ec3,united-states,australia;colombia;czech-republic;netherlands;poland;spain;sweden;united-kingdom,,malware-ic,matched,no_target_six_crime_type_detected;no_clear_international_cooperation_signal
1_데이터수집(URL),56,2025,(가칭)Operation Karen Weblords,operation-karen-weblords,https://www.scworld.com/news/massive-cybercrime-operation-traced-back-to-myanmar-warlord,,imminent-monitor-rat-takedown,us-doj,australia-afp;eurojust;europol-ec3,united-states,australia;colombia;czech-republic;netherlands;poland;spain;sweden;united-kingdom,,malware-ic,matched,no_target_six_crime_type_detected;no_clear_international_cooperation_signal
1_데이터수집(URL),57,2025,(가칭)Operation Qakbot,operation-qakbot,https://www.aa.com.tr/en/americas/us-charges-russian-man-allegedly-behind-global-cybercrime-network/3577168,,imminent-monitor-rat-takedown,fbi-cyber-division;us-doj,australia-afp;eurojust;europol-ec3,russia;united-states,australia;colombia;czech-republic;netherlands;poland;spain;sweden;united-kingdom,malware-ic;ransomware-ic,malware-ic,matched,
1_데이터수집(URL),58,2025,(가칭)Operation Mekong ScamGrid,operation-mekong-scamgrid,https://www.occrp.org/en/news/un-transnational-cybercrime-in-southeast-asia-hits-record-high,,imminent-monitor-rat-takedown,,australia-afp;eurojust;europol-ec3,,australia;colombia;czech-republic;netherlands;poland;spain;sweden;united-kingdom,,malware-ic,matched,no_target_six_crime_type_detected;no_clear_international_cooperation_signal
1_데이터수집(URL),59,2025,(가칭)Operation Grey Nickel,operation-grey-nickel,https://www.scworld.com/brief/iproov-uncovers-ai-driven-cybercrime-operation,,imminent-monitor-rat-takedown,,australia-afp;eurojust;europol-ec3,,australia;colombia;czech-republic;netherlands;poland;spain;sweden;united-kingdom,,malware-ic,matched,no_target_six_crime_type_detected;no_clear_international_cooperation_signal
1_데이터수집(URL),60,2023,(가칭)Operation EuroPak Fraud,operation-europak-fraud,https://therecord.media/pakistan-cybercrime-busted-dutch-doj,,imminent-monitor-rat-takedown,dutch-police,australia-afp;eurojust;europol-ec3,netherlands,australia;colombia;czech-republic;netherlands;poland;spain;sweden;united-kingdom,,malware-ic,matched,no_target_six_crime_type_detected;no_clear_international_cooperation_signal
1_데이터수집(URL),61,2023,(가칭)Operation SA-ID Theft,operation-sa-id-theft,https://techpoint.africa/news/interpol-busts-cybercrime-in-south-africa/,,imminent-monitor-rat-takedown,interpol,australia-afp;eurojust;europol-ec3,,australia;colombia;czech-republic;netherlands;poland;spain;sweden;united-kingdom,,malware-ic,matched,no_target_six_crime_type_detected
1_데이터수집(URL),62,2025,(가칭)Operation HackMarkets,operation-hackmarkets,https://www.reuters.com/technology/cybersecurity/international-law-enforcement-operation-targets-group-cybercrime-websites-2025-01-29/,,imminent-monitor-rat-takedown,europol-ec3;fbi-cyber-division;germany-bka,australia-afp;eurojust;europol-ec3,australia;france;italy;romania;spain;united-states,australia;colombia;czech-republic;netherlands;poland;spain;sweden;united-kingdom,malware-ic,malware-ic,matched,
1_데이터수집(URL),63,2025,(가칭)Operation Lumma Cut,operation-lumma-cut,https://techxplore.com/news/2025-05-global-malware-federal-court-georgia.html,techxplore-911-s5-botnet-dismantling,imminent-monitor-rat-takedown,europol-ec3;fbi-cyber-division;us-doj,australia-afp;eurojust;europol-ec3,france;united-states,australia;colombia;czech-republic;netherlands;poland;spain;sweden;united-kingdom,malware-ic;ransomware-ic,malware-ic,matched,
1_데이터수집(URL),64,2025,(가칭)Operation Phobos Lock,operation-phobos-lock,https://www.cbsnews.com/news/justice-department-charges-russian-men-cybercrime-ransomware/,cbs-news-hive-ransomware-infrastructure-takedown,hive-ransomware-takedown,fbi-cyber-division;germany-bka;us-doj,dutch-police;europol-ec3;fbi;german-bka;uk-nca;us-secret-service;usdoj,australia;germany;united-states,canada;france;germany;ireland;lithuania;netherlands;norway;portugal;romania;spain;sweden;united-kingdom;united-states,ransomware-ic,malware-ic,matched,
1_데이터수집(URL),65,2025,(가칭)Operation FourSeas,operation-fourseas,https://www.gmanetwork.com/regionaltv/news/108133/17-taiwanese-in-cebu-city-fall-in-nbi-cybercrime-operation/story/,,imminent-monitor-rat-takedown,,australia-afp;eurojust;europol-ec3,,australia;colombia;czech-republic;netherlands;poland;spain;sweden;united-kingdom,,malware-ic,matched,no_target_six_crime_type_detected;no_clear_international_cooperation_signal
1_데이터수집(URL),66,2024,(가칭)Operation Jackpot Crew,operation-jackpot-crew,https://gbhackers.com/two-cybercriminals-arrested/,,imminent-monitor-rat-takedown,fbi-cyber-division;us-doj,australia-afp;eurojust;europol-ec3,united-states,australia;colombia;czech-republic;netherlands;poland;spain;sweden;united-kingdom,,malware-ic,matched,no_target_six_crime_type_detected;no_clear_international_cooperation_signal
1_데이터수집(URL),67,2024,(가칭)Operation Naija-Japan Scam,operation-naija-japan-scam,https://www.thecable.ng/npf-eleven-cybercrime-suspects-arrested-33320-recovered-in-joint-operation-with-japanese-police/,,imminent-monitor-rat-takedown,,australia-afp;eurojust;europol-ec3,,australia;colombia;czech-republic;netherlands;poland;spain;sweden;united-kingdom,,malware-ic,matched,no_target_six_crime_type_detected;no_clear_international_cooperation_signal
1_데이터수집(URL),68,2025,(가칭)Operation Kanlaon Tower,operation-kanlaon-tower,https://usa.inquirer.net/172272/indonesia-extradites-29-cybercrime-suspects,,imminent-monitor-rat-takedown,interpol,australia-afp;eurojust;europol-ec3,,australia;colombia;czech-republic;netherlands;poland;spain;sweden;united-kingdom,,malware-ic,matched,no_target_six_crime_type_detected
2_데이터추출(국가_기관_범죄유형),2,2015,crackdown operation,operation-crackdown-operation,https://phys.org/news/2015-12-europe-trojan-horse-cybercrime.html,,phobos-8base-crackdown,europol-ec3,eurojust;europol-ec3;fbi-cyber-division;germany-bka;japan-npa;spain-guardia-civil;uk-nca,france;norway;romania,belgium;czechia;france;germany;japan;poland;romania;singapore;south-korea;spain;sweden;switzerland;thailand;united-kingdom;united-states,malware-ic,ransomware-ic,matched,
2_데이터추출(국가_기관_범죄유형),3,2015,FIN7,operation-fin7,https://www.fbi.gov/contact-us/field-offices/seattle/news/stories/how-cyber-crime-group-fin7-attacked-and-stole-data-from-hundreds-of-us-companies,2018-01-01_fbi-gov_how-cyber-crime-group-fin7-attacked-and-stole-data-from-hundreds-of-us-companies,carbanak-cobalt-takedown,fbi-cyber-division;us-doj,europol-ec3;fbi;kaspersky-lab;romanian-police;spanish-national-police,australia;france;russia;ukraine;united-kingdom;united-states,romania;spain;united-states,,malware-ic,matched,no_target_six_crime_type_detected
2_데이터추출(국가_기관_범죄유형),4,2015,international operation,operation-international-operation,https://www.bbc.com/news/technology-35028690,,operation-usd-300-million-seized-and-3-500-suspects-arrested-in-international-financial-crime-operation-operation-haechi-3,dutch-police;europol-ec3;fbi-cyber-division;germany-bka;us-doj,interpol,austria;belgium;croatia;finland;france;germany;ireland;italy;lithuania;netherlands;romania;serbia;spain;united-kingdom;united-states,south-korea,malware-ic,,matched,
2_데이터추출(국가_기관_범죄유형),6,2015,Operation Pleiades,operation-pleiades,https://www.europol.europa.eu/media-press/newsroom/news/international-action-against-dd4bc-cybercriminal-group,2015-12-01_europol-europa-eu_international-action-against-dd4bc-cybercriminal-group,operation-pleiades,europol-ec3;fbi-cyber-division;germany-bka;interpol,europol-ec3;fbi;interpol;j-cat;london-metropolitan-police;us-secret-service,australia;austria;france;germany;romania;switzerland;united-kingdom;united-states,australia;austria;bosnia-and-herzegovina;france;germany;japan;romania;switzerland;united-kingdom;united-states,,ransomware-ic,matched,no_target_six_crime_type_detected
2_데이터추출(국가_기관_범죄유형),7,2015,Operation Shrouded Horizon,operation-shrouded-horizon,https://www.fbi.gov/news/stories/cyber-criminal-forum-taken-down,2015-07-15_fbi-gov_cyber-criminal-forum-taken-down,darkode-takedown,europol-ec3;fbi-cyber-division;germany-bka;uk-nca;us-doj,europol-ec3;fbi-cyber-division;ncfta;usdoj,australia;canada;croatia;finland;germany;israel;romania;serbia;sweden;united-kingdom;united-states,australia;brazil;israel;nigeria;united-kingdom;united-states,malware-ic,malware-ic,matched,
2_데이터추출(국가_기관_범죄유형),8,2015,Operation Source,operation-source,https://www.europol.europa.eu/media-press/newsroom/news/international-police-operation-targets-polymorphic-beebone-botnet,2015-04-01_europol-europa-eu_international-police-operation-targets-polymorphic-beebone-botnet,operation-source,dutch-police;europol-ec3;fbi-cyber-division,dutch-nhtcu;europol-ec3;fbi;intel-security;j-cat;kaspersky-lab;shadowserver,france;germany;italy;netherlands;united-states,eu-member-states;netherlands;united-states,malware-ic;ransomware-ic,malware-ic;ransomware-ic,matched,
2_데이터추출(국가_기관_범죄유형),9,2015,Simda 봇넷,operation-simda,https://www.bbc.com/news/technology-32218381,bbc-911-s5-botnet-dismantling,simda-botnet-takedown,dutch-police;fbi-cyber-division;interpol,dutch-nhtcu;fbi;interpol;kaspersky-lab;microsoft;russian-ministry-of-interior;trend-micro,netherlands;poland;russia;united-states,japan;luxembourg;netherlands;poland;russia;singapore;united-states,malware-ic,malware-ic,matched,
2_데이터추출(국가_기관_범죄유형),11,2015,(가칭)Operation Phishing Syndicate,operation-phishing-syndicate,https://www.europol.europa.eu/media-press/newsroom/news/international-operation-dismantles-criminal-group-of-cyber-fraudsters,2015-06-01_europol-europa-eu_international-operation-dismantles-criminal-group-of-cyber-fraudsters,cyber-fraud-international-2015,eurojust;europol-ec3;uk-nca,eurojust;europol-ec3;polizia-di-stato;spanish-national-police,belgium;georgia;italy;poland;spain;united-kingdom,belgium;georgia;italy;poland;spain;united-kingdom,malware-ic,,matched,
2_데이터추출(국가_기관_범죄유형),12,2015,(가칭)Operation Russian Ransom,operation-russian-ransom,https://www.businessinsider.com/flashpoint-report-ransomware-2016-6,,imminent-monitor-rat-takedown,fbi-cyber-division,australia-afp;eurojust;europol-ec3,russia;united-states,australia;colombia;czech-republic;netherlands;poland;spain;sweden;united-kingdom,ransomware-ic,malware-ic,matched,
2_데이터추출(국가_기관_범죄유형),13,2016,DDoS-for-hire,operation-ddos-for-hire,https://www.fbi.gov/news/stories/international-cyber-sweep-nets-ddos-attackers,2016-12-09_fbi-gov_international-cyber-sweep-nets-ddos-attackers,ddos-for-hire-sweep-2016,dutch-police;europol-ec3;fbi-cyber-division;uk-nca,europol-ec3;fbi,australia;belgium;france;lithuania;netherlands;norway;romania;spain;sweden;united-kingdom;united-states,australia;belgium;france;hungary;lithuania;netherlands;norway;portugal;romania;spain;sweden;united-kingdom;united-states,,,matched,no_target_six_crime_type_detected
2_데이터추출(국가_기관_범죄유형),14,2016,Global Airport Action Day,operation-global-airport-action-day,https://www.interpol.int/News-and-Events/News/2016/Global-Airport-Action-Day-targets-airline-ticket-fraudsters,2016-10-19_interpol-int_global-airport-action-day-targets-airline-ticket-fraudsters,global-airport-action-day,europol-ec3;interpol,ameripol;eurojust;europol-ec3;frontex;iata;interpol;perseuss,canada;united-states,canada;united-states,,dark-web-ic,matched,no_target_six_crime_type_detected
2_데이터추출(국가_기관_범죄유형),15,2016,Operation Avalanche,operation-avalanche,https://www.ibtimes.co.uk/cybercrime-network-avalanche-brought-down-by-global-operation-1594519,,operation-avalanche,europol-ec3;germany-bka;us-doj,eurojust;europol-ec3;fbi;german-prosecution;icann;interpol;shadowserver;usdoj,austria;belgium;france;germany;italy;netherlands;poland;romania;spain;switzerland;united-kingdom;united-states,armenia;australia;austria;azerbaijan;belgium;belize;bulgaria;canada;colombia;finland;france;germany;hungary;india;italy;lithuania;luxembourg;moldova;montenegro;netherlands;norway;poland;romania;singapore;sweden;taiwan;ukraine;united-kingdom;united-states,malware-ic;ransomware-ic,malware-ic,matched,
2_데이터추출(국가_기관_범죄유형),16,2016,Operation Ciconia Alba,operation-ciconia-alba,https://www.europol.europa.eu/media-press/newsroom/news/international-operation-ciconia-alba-kicks-to-crack-down-organised-crime,,imminent-monitor-rat-takedown,europol-ec3;interpol,australia-afp;eurojust;europol-ec3,canada;united-states,australia;colombia;czech-republic;netherlands;poland;spain;sweden;united-kingdom,,malware-ic,matched,no_target_six_crime_type_detected
2_데이터추출(국가_기관_범죄유형),17,2016,Operation Hyperion,operation-hyperion,https://cyberscoop.com/dark-web-fbi-sting-zcash-operation-hyperion/,2017-01-01_cyberscoop-com_dark-web-fbi-sting-zcash-operation-hyperion,operation-hyperion,dutch-police;fbi-cyber-division,fbi-cyber-division,australia;canada;netherlands;sweden;united-kingdom;united-states,united-states,dark-web-ic,dark-web-ic,matched,
2_데이터추출(국가_기관_범죄유형),18,2016,(가칭)Operation Mike,operation-mike,https://news.sophos.com/en-us/2016/08/02/nigerian-scammer-arrested-for-60-million-email-fraud/,,imminent-monitor-rat-takedown,interpol,australia-afp;eurojust;europol-ec3,china;united-states,australia;colombia;czech-republic;netherlands;poland;spain;sweden;united-kingdom,,malware-ic,matched,no_target_six_crime_type_detected
2_데이터추출(국가_기관_범죄유형),19,2017,Andromeda Botnet Dismantling,operation-andromeda-botnet-dismantling,https://www.europol.europa.eu/media-press/newsroom/news/andromeda-botnet-dismantled-in-international-cyber-operation,2017-12-04_europol-europa-eu_andromeda-botnet-dismantled-in-international-cyber-operation,andromeda-botnet-takedown,eurojust;europol-ec3;fbi-cyber-division;germany-bka,eurojust;europol-ec3;fbi;german-bka;j-cat;microsoft,australia;austria;belgium;canada;finland;france;germany;italy;netherlands;poland;spain;united-kingdom;united-states,australia;austria;belarus;belgium;canada;finland;france;germany;italy;montenegro;netherlands;poland;singapore;spain;taiwan;united-kingdom;united-states,malware-ic,malware-ic,matched,
2_데이터추출(국가_기관_범죄유형),20,2017,Bakovia,operation-bakovia,https://cyberscoop.com/ctb-locker-cerber-ransomware-arrests-europol-mcafee/,2017-12-01_cyberscoop-com_ctb-locker-cerber-ransomware-arrests-europol-mcafee,operation-bakovia,dutch-police;europol-ec3;fbi-cyber-division;uk-nca,eurojust;europol-ec3;fbi-cyber-division;mcafee-advanced-threat-research;netherlands-politie;romania-diicot;uk-nca,netherlands;romania;united-kingdom;united-states,netherlands;romania;united-kingdom;united-states,,malware-ic;ransomware-ic,matched,no_target_six_crime_type_detected
2_데이터추출(국가_기관_범죄유형),21,2017,Joint Investigation Team operation,operation-joint-investigation-team-operation,https://www.europol.europa.eu/media-press/newsroom/news/major-cybercrime-ring-dismantled-joint-investigation-team,2015-06-01_europol-europa-eu_major-cybercrime-ring-dismantled-by-joint-investigation-team,zeus-spyeye-jit-takedown,eurojust;europol-ec3,eurojust;europol-ec3,austria;belgium;ukraine,austria;belgium;estonia;finland;germany;latvia;moldova;netherlands;norway;poland;ukraine;united-kingdom;united-states,malware-ic,malware-ic,matched,
2_데이터추출(국가_기관_범죄유형),22,2017,Operation Bayonet,operation-bayonet,https://www.theguardian.com/technology/2017/jul/20/dark-web-marketplaces-alphabay-hansa-shut-down,,alphabay-takedown,dutch-police;europol-ec3;fbi-cyber-division,eurojust;europol-ec3;fbi-cyber-division;netherlands-politie,canada;france;germany;lithuania;netherlands;united-kingdom;united-states,canada;france;germany;lithuania;netherlands;thailand;united-kingdom;united-states,dark-web-ic;malware-ic,dark-web-ic;malware-ic,matched,
2_데이터추출(국가_기관_범죄유형),23,2017,(가칭)Operation Teenage Breach,operation-teenage-breach,https://www.walesonline.co.uk/news/wales-news/teenager-wales-charged-international-computer-11737455,,imminent-monitor-rat-takedown,europol-ec3,australia-afp;eurojust;europol-ec3,united-kingdom;united-states,australia;colombia;czech-republic;netherlands;poland;spain;sweden;united-kingdom,,malware-ic,matched,no_target_six_crime_type_detected
2_데이터추출(국가_기관_범죄유형),24,2017,(가칭)Operation CardHack London,operation-cardhack-london,https://www.bbc.com/news/uk-41240643,,imminent-monitor-rat-takedown,uk-nca,australia-afp;eurojust;europol-ec3,united-kingdom,australia;colombia;czech-republic;netherlands;poland;spain;sweden;united-kingdom,,malware-ic,matched,no_target_six_crime_type_detected;no_clear_international_cooperation_signal
2_데이터추출(국가_기관_범죄유형),25,2017,(가칭)Operation ASEAN Sweep,operation-asean-sweep,https://www.freemalaysiatoday.com/category/nation/2017/04/24/interpol-finds-9000-compromised-websites,2017-04-24_freemalaysiatoday-com_interpol-finds-9000-compromised-websites,imminent-monitor-rat-takedown,interpol,australia-afp;eurojust;europol-ec3,china,australia;colombia;czech-republic;netherlands;poland;spain;sweden;united-kingdom,malware-ic;ransomware-ic,malware-ic,matched,
2_데이터추출(국가_기관_범죄유형),26,2017,(가칭)Operation WannaCry,operation-wannacry,https://time.com/4781809/ransomware-attack-north-korea-wannacry/,,imminent-monitor-rat-takedown,fbi-cyber-division,australia-afp;eurojust;europol-ec3,china;israel;russia;south-korea;united-kingdom;united-states,australia;colombia;czech-republic;netherlands;poland;spain;sweden;united-kingdom,ransomware-ic,malware-ic,matched,
2_데이터추출(국가_기관_범죄유형),27,2017,(가칭)Operation Fiji Fraud,operation-fiji-fraud,https://www.arabnews.com/node/1141451/world,,imminent-monitor-rat-takedown,,australia-afp;eurojust;europol-ec3,china,australia;colombia;czech-republic;netherlands;poland;spain;sweden;united-kingdom,,malware-ic,matched,no_target_six_crime_type_detected;no_clear_international_cooperation_signal
2_데이터추출(국가_기관_범죄유형),28,2017,(가칭)Operation QatarLeak,operation-qatarleak,https://www.aljazeera.com/news/2017/6/7/qatar-reveals-preliminary-results-of-qna-hacking-probe,,imminent-monitor-rat-takedown,fbi-cyber-division;uk-nca,australia-afp;eurojust;europol-ec3,united-kingdom;united-states,australia;colombia;czech-republic;netherlands;poland;spain;sweden;united-kingdom,,malware-ic,matched,no_target_six_crime_type_detected
2_데이터추출(국가_기관_범죄유형),30,2018,Operation Power Off,operation-power-off,https://www.welivesecurity.com/2018/04/27/worlds-biggest-ddos-marketplace/,,operation-power-off,dutch-police;europol-ec3;fbi-cyber-division;uk-nca;us-doj,australia-afp;canada-rcmp;europol-ec3;fbi-cyber-division;germany-bka;japan-npa;netherlands-politie;uk-nca;us-doj,australia;canada;croatia;germany;italy;netherlands;serbia;spain;united-kingdom;united-states,australia;brazil;canada;finland;france;germany;japan;latvia;netherlands;poland;portugal;romania;sweden;united-kingdom;united-states,,,matched,no_target_six_crime_type_detected
2_데이터추출(국가_기관_범죄유형),31,2018,Operation WireWire,operation-wirewire,https://www.fbi.gov/news/stories/international-bec-takedown-061118,2018-06-11_fbi-gov_international-bec-takedown,operation-wirewire,fbi-cyber-division;us-doj,fbi;us-dhs;us-postal-inspection;us-treasury;usdoj,canada;poland;united-states,canada;mauritius;nigeria;poland;united-states,,malware-ic,matched,no_target_six_crime_type_detected
2_데이터추출(국가_기관_범죄유형),32,2018,(가칭)Operation MoneyTaker,operation-moneytaker,https://cyberscoop.com/money-taker-group-ib-banking-hack-russia/,,imminent-monitor-rat-takedown,,australia-afp;eurojust;europol-ec3,russia;united-kingdom;united-states,australia;colombia;czech-republic;netherlands;poland;spain;sweden;united-kingdom,,malware-ic,matched,no_target_six_crime_type_detected
2_데이터추출(국가_기관_범죄유형),33,2018,(가칭)Operation Manila Gamble,operation-manila-gamble,https://www.gmanetwork.com/news/topstories/metro/676254/15-chinese-nationals-arrested-for-illegal-online-gambling/story/,,imminent-monitor-rat-takedown,,australia-afp;eurojust;europol-ec3,china,australia;colombia;czech-republic;netherlands;poland;spain;sweden;united-kingdom,,malware-ic,matched,no_target_six_crime_type_detected;no_clear_international_cooperation_signal
2_데이터추출(국가_기관_범죄유형),34,2018,(가칭)Operation EagleNet,operation-eaglenet,https://www.vanguardngr.com/2018/06/efcc-fbi-partner-fight-cybercrime/,,imminent-monitor-rat-takedown,fbi-cyber-division,australia-afp;eurojust;europol-ec3,united-states,australia;colombia;czech-republic;netherlands;poland;spain;sweden;united-kingdom,,malware-ic,matched,no_target_six_crime_type_detected;no_clear_international_cooperation_signal
2_데이터추출(국가_기관_범죄유형),35,2018,(가칭)Operation CardStorm,operation-cardstorm,https://www.bbc.com/news/uk-43893420,bbc-banking-trojan-fraud-sentencing,imminent-monitor-rat-takedown,fbi-cyber-division;uk-nca,australia-afp;eurojust;europol-ec3,france;germany;united-kingdom;united-states,australia;colombia;czech-republic;netherlands;poland;spain;sweden;united-kingdom,,malware-ic,matched,no_target_six_crime_type_detected
2_데이터추출(국가_기관_범죄유형),36,2018,(가칭)Operation Carbanak,operation-carbanak,https://www.europol.europa.eu/media-press/newsroom/news/mastermind-behind-eur-1-billion-cyber-bank-robbery-arrested-in-spain,2018-03-01_europol-europa-eu_mastermind-behind-eur-1-billion-cyber-bank-robbery-arrested-in-spain,carbanak-cobalt-takedown,europol-ec3;fbi-cyber-division,europol-ec3;fbi;kaspersky-lab;romanian-police;spanish-national-police,romania;spain;united-states,romania;spain;united-states,malware-ic,malware-ic,matched,
2_데이터추출(국가_기관_범죄유형),37,2018,(가칭)Operation Infraud,operation-infraud,https://www.voanews.com/a/thais-arrest-alleged-russian-cybercrime-market-operator/4246130.html,2018-02-07_voanews-com_4246130,infraud-organization-takedown,uk-nca;us-doj,fbi-cyber-division;thailand-royal-police;us-dhs;us-doj,australia;france;italy;kosovo;serbia;united-kingdom;united-states,australia;france;italy;kosovo;serbia;thailand;united-kingdom;united-states,malware-ic,dark-web-ic;malware-ic,matched,
2_데이터추출(국가_기관_범죄유형),38,2018,(가칭)Operation RexMundi,operation-rexmundi,https://www.europol.europa.eu/media-press/newsroom/news/french-coder-who-helped-extort-british-company-arrested-in-thailand,2018-05-18_europol-europa-eu_french-coder-who-helped-extort-british-company-arrested-in-thailand,operation-europol-french-coder-who-helped-extort-british-company-arrested-in-thailand,europol-ec3,europol-ec3,france;united-kingdom,belgium;france;thailand;united-kingdom,,,matched,no_target_six_crime_type_detected
2_데이터추출(국가_기관_범죄유형),39,2018,(가칭)Operation ATM Havoc,operation-atm-havoc,https://www.thirdway.org/report/countering-the-cyber-enforcement-gap-strengthening-global-capacity-on-cybercrime,,imminent-monitor-rat-takedown,europol-ec3;fbi-cyber-division,australia-afp;eurojust;europol-ec3,romania;spain;united-states,australia;colombia;czech-republic;netherlands;poland;spain;sweden;united-kingdom,malware-ic,malware-ic,matched,
2_데이터추출(국가_기관_범죄유형),43,2019,IM RAT 단속,operation-im-rat,https://thehackernews.com/2019/11/europol-imminent-monitor-rat.html,2019-11-29_thehackernews-com_europol-imminent-monitor-rat,imminent-monitor-rat-takedown,dutch-police;europol-ec3;uk-nca,australia-afp;eurojust;europol-ec3,australia;belgium;netherlands;poland;spain;sweden;united-kingdom,australia;colombia;czech-republic;netherlands;poland;spain;sweden;united-kingdom,malware-ic,malware-ic,matched,
2_데이터추출(국가_기관_범죄유형),46,2019,Operation NightFury,operation-nightfury,https://cyberscoop.com/magecart-arrest-indonesia-interpol-getbilling/,2020-01-24_cyberscoop-com_magecart-arrest-indonesia-interpol-getbilling,operation-goldfish-alpha-night-fury,interpol,interpol;interpol-asean-desk,australia;united-states,indonesia;malaysia;myanmar;philippines;singapore;thailand;vietnam,malware-ic,malware-ic;ransomware-ic,matched,
2_데이터추출(국가_기관_범죄유형),47,2019,Operation Rewired,operation-rewired,https://techxplore.com/news/2019-09-fbi-nigeria-step-up-cyber-crime.html#google_vignette,techxplore-operation-avalanche,operation-rewired,fbi-cyber-division,fbi-cyber-division;ic3;us-dhs;us-doj;us-secret-service,france;italy;united-kingdom;united-states,france;ghana;italy;japan;kenya;malaysia;nigeria;turkey;united-kingdom;united-states,,,matched,no_target_six_crime_type_detected
2_데이터추출(국가_기관_범죄유형),49,2019,VIDTF Operation,operation-vidtf-operation,https://www.maltatoday.com.mt/news/court_and_police/98240/malta_police_aids_europol_to_identify_four_child_sexual_abuse_victims,,imminent-monitor-rat-takedown,europol-ec3;interpol,australia-afp;eurojust;europol-ec3,australia;belgium;canada;croatia;france;germany;italy;lithuania;netherlands;norway;romania;spain;sweden;switzerland;united-states,australia;colombia;czech-republic;netherlands;poland;spain;sweden;united-kingdom,csam-ic,malware-ic,matched,
2_데이터추출(국가_기관_범죄유형),50,2019,xDedic,operation-xdedic,https://thehackernews.com/2019/01/cyber-criminal-marketplace.html,2019-01-28_thehackernews-com_cyber-criminal-marketplace,xdedic-marketplace-takedown,europol-ec3;fbi-cyber-division;us-doj,belgium-federal-police;dutch-nhtcu;europol-ec3;fbi-cyber-division;germany-bka;homeland-security-investigations;irs-ci-cyber-crimes-unit;irs-criminal-investigation;office-of-international-affairs;ukraine-police;us-doj,belgium;ukraine;united-states,belgium;bulgaria;estonia;georgia;germany;latvia;lithuania;moldova;netherlands;poland;romania;spain;switzerland;ukraine;united-kingdom;united-states,,dark-web-ic;malware-ic;ransomware-ic,matched,no_target_six_crime_type_detected
2_데이터추출(국가_기관_범죄유형),51,2019,(가칭)Operation GozNym,operation-goznym,https://www.eurojust.europa.eu/news/goznym-malware-cybercriminal-network-dismantled-international-operation,,goznym-takedown,eurojust;europol-ec3;fbi-cyber-division,bulgaria-general-directorate-for-combatting-organized-crime;eurojust;europol-ec3;fbi-cyber-division;general-police-inspectorate-of-moldova;lueneburg-police-germany;ministry-of-internal-affairs-of-georgia;national-police-of-ukraine;ncfta;office-of-international-affairs;office-of-the-prosecutor-general-of-georgia;office-of-the-prosecutor-general-of-the-republic-of-moldova;prosecutor-general-s-office-of-ukraine;public-prosecutor-s-office-verden-germany;shadowserver;supreme-prosecutor-s-office-of-cassation-of-bulgaria;u-s-attorney-s-office-for-the-western-district-of-pennsylvania;us-secret-service,georgia;germany;ukraine;united-states,bulgaria;georgia;germany;moldova;ukraine;united-states,malware-ic,malware-ic,matched,
2_데이터추출(국가_기관_범죄유형),52,2019,(가칭)Operation Thallium Block,operation-thallium-block,https://blogs.microsoft.com/on-the-issues/2019/12/30/microsoft-court-action-against-nation-state-cybercrime/,,imminent-monitor-rat-takedown,,australia-afp;eurojust;europol-ec3,south-korea;united-states,australia;colombia;czech-republic;netherlands;poland;spain;sweden;united-kingdom,malware-ic,malware-ic,matched,
2_데이터추출(국가_기관_범죄유형),53,2019,(가칭)Operation Manila 600,operation-manila-600,https://www.scmp.com/news/asia/southeast-asia/article/3027741/more-320-chinese-arrested-philippines-illegal-online,,imminent-monitor-rat-takedown,,australia-afp;eurojust;europol-ec3,china,australia;colombia;czech-republic;netherlands;poland;spain;sweden;united-kingdom,,malware-ic,matched,no_target_six_crime_type_detected;no_clear_international_cooperation_signal
2_데이터추출(국가_기관_범죄유형),54,2020,2BaGoldMule,operation-2bagoldmule,https://www.europol.europa.eu/media-press/newsroom/news/20-arrests-in-qqaazz-multi-million-money-laundering-case,2020-10-01_europol-europa-eu_20-arrests-in-qqaazz-multi-million-money-laundering-case,2bagoldmule-qqaazz,europol-ec3;fbi-cyber-division;uk-nca;us-doj,europol-ec3;fbi;portuguese-judicial-police;spanish-national-police;uk-nca;usdoj,australia;austria;belgium;georgia;germany;italy;poland;spain;sweden;switzerland;united-kingdom;united-states,australia;austria;belgium;bulgaria;czech-republic;georgia;germany;italy;latvia;poland;portugal;spain;sweden;switzerland;united-kingdom;united-states,,malware-ic,matched,no_target_six_crime_type_detected
2_데이터추출(국가_기관_범죄유형),55,2020,Carding Action 2020,operation-carding-action-2020,https://hackread.com/authorities-disrupt-dark-web-credit-card-trading-scam/,hackread-global-airport-action-day,carding-action-2020,europol-ec3,europol-ec3;group-ib,italy;united-kingdom,hungary;italy;united-kingdom,,dark-web-ic,matched,no_target_six_crime_type_detected
2_데이터추출(국가_기관_범죄유형),56,2020,Operation Falcon,operation-falcon,https://guardian.ng/news/nigerian-police-join-interpol-group-ib-to-arrest-three-suspected-tmt-fraudsters/#google_vignette,2020-11-01_guardian-ng_google-vignette,operation-falcon,interpol,group-ib;interpol;nigeria-police-force,,nigeria,malware-ic,malware-ic,matched,
2_데이터추출(국가_기관_범죄유형),57,2020,Operation Goldfish Alpha,operation-goldfish-alpha,https://www.interpol.int/News-and-Events/News/2020/INTERPOL-report-highlights-key-cyberthreats-in-Southeast-Asia,2020-01-01_interpol-int_interpol-report-highlights-key-cyberthreats-in-southeast-asia,operation-goldfish-alpha-night-fury,interpol,interpol;interpol-asean-desk,,indonesia;malaysia;myanmar;philippines;singapore;thailand;vietnam,malware-ic;ransomware-ic,malware-ic;ransomware-ic,matched,
2_데이터추출(국가_기관_범죄유형),58,2020,Operation Nova,operation-nova,https://cyberscoop.com/safe-inet-takedown-fbi-interpol/,2020-12-22_cyberscoop-com_safe-inet-takedown-fbi-interpol,operation-nova,dutch-police;europol-ec3;fbi-cyber-division,europol-ec3;fbi-cyber-division;germany-bka,france;germany;netherlands;switzerland;united-states,france;germany;netherlands;switzerland;united-states,ransomware-ic,ransomware-ic,matched,
2_데이터추출(국가_기관_범죄유형),59,2020,Operation Zinger,operation-zinger,https://thewest.com.au/news/court-justice/operation-zinger-alleged-cyber-criminal-had-details-from-major-logistics-company-police-say--c-11138447,,imminent-monitor-rat-takedown,fbi-cyber-division,australia-afp;eurojust;europol-ec3,australia;united-states,australia;colombia;czech-republic;netherlands;poland;spain;sweden;united-kingdom,,malware-ic,matched,no_target_six_crime_type_detected
2_데이터추출(국가_기관_범죄유형),61,2020,(가칭)Operation Latvian Wash,operation-latvian-wash,https://eng.lsm.lv/article/society/crime/latvian-police-played-leading-role-in-us-cybercrime-crackdown.a378200/,,imminent-monitor-rat-takedown,europol-ec3;fbi-cyber-division;us-doj,australia-afp;eurojust;europol-ec3,united-states,australia;colombia;czech-republic;netherlands;poland;spain;sweden;united-kingdom,,malware-ic,matched,no_target_six_crime_type_detected
2_데이터추출(국가_기관_범죄유형),62,2020,(가칭)Operation Karachi Stalk,operation-karachi-stalk,https://dailytimes.com.pk/676333/ae7-architect-george-girgis-behind-fake-accounts-cybercrime-network/#google_vignette,,imminent-monitor-rat-takedown,,australia-afp;eurojust;europol-ec3,united-kingdom;united-states,australia;colombia;czech-republic;netherlands;poland;spain;sweden;united-kingdom,,malware-ic,matched,no_target_six_crime_type_detected
2_데이터추출(국가_기관_범죄유형),63,2021,Infraud 조직,operation-infraud,https://www.rferl.org/a/us-sentences-cybercriminals-from-russia-and-north-macedonia-/31160664.html,2018-02-07_rferl-org_31160664,operation-us-v-telusma-infraud,us-doj,us-doj,australia;france;italy;kosovo;russia;serbia;united-kingdom;united-states,united-states,,,matched,no_target_six_crime_type_detected
2_데이터추출(국가_기관_범죄유형),64,2021,Operation DarkHunTOR,operation-darkhuntor,https://www.aljazeera.com/news/2021/10/26/police-arrest-150-people-globally-in-dark-web-sting-europol,,imminent-monitor-rat-takedown,eurojust;europol-ec3;fbi-cyber-division,australia-afp;eurojust;europol-ec3,australia;france;germany;italy;netherlands;switzerland;united-kingdom;united-states,australia;colombia;czech-republic;netherlands;poland;spain;sweden;united-kingdom,,malware-ic,matched,no_target_six_crime_type_detected
2_데이터추출(국가_기관_범죄유형),65,2021,Operation Delilah,operation-delilah,https://www.group-ib.com/media-center/press-releases/interpol-gib-delilah/,2022-01-01_group-ib-com_interpol-gib-delilah,operation-delilah,fbi-cyber-division;interpol,group-ib;interpol;nigeria-police-force;trend-micro,australia;canada;united-states,australia;canada;nigeria;united-states,,malware-ic,matched,no_target_six_crime_type_detected
2_데이터추출(국가_기관_범죄유형),66,2021,Operation HAECHI-II,operation-haechi-ii,https://www.interpol.int/News-and-Events/News/2021/More-than-1-000-arrests-and-USD-27-million-intercepted-in-massive-financial-crime-crackdown,2021-11-01_interpol-int_more-than-1-000-arrests-and-usd-27-million-intercepted-in-massive-financial-c,operation-haechi-ii,interpol,interpol;interpol-national-central-bureaus-in-participating-jurisdictions;knpa-cyber-bureau,china;india;ireland;romania;south-korea;spain,cambodia;china;colombia;hong-kong;india;indonesia;ireland;japan;laos;malaysia;philippines;romania;singapore;slovenia;south-korea;spain;thailand;vietnam,,,matched,no_target_six_crime_type_detected
2_데이터추출(국가_기관_범죄유형),67,2021,Operation Ironside,operation-ironside,https://www.aljazeera.com/news/2021/6/8/australia-arrests-over-200-in-crackdown-of-underworld-messaging,,imminent-monitor-rat-takedown,europol-ec3;fbi-cyber-division,australia-afp;eurojust;europol-ec3,australia;united-states,australia;colombia;czech-republic;netherlands;poland;spain;sweden;united-kingdom,,malware-ic,matched,no_target_six_crime_type_detected
2_데이터추출(국가_기관_범죄유형),68,2021,Operation Lyrebird,operation-lyrebird,https://www.group-ib.com/media-center/press-releases/gib-interpol-lyrebird/,2021-07-05_group-ib-com_interpol-led-operation-takes-down-prolific-cybercriminal,operation-lyrebird,interpol,group-ib;interpol;morocco-dgsn,france,morocco,malware-ic,malware-ic,matched,
2_데이터추출(국가_기관_범죄유형),69,2021,Operation Morpheus,operation-morpheus,https://www.nationalcrimeagency.gov.uk/news/national-crime-agency-leads-international-operation-to-degrade-illegal-versions-of-cobalt-strike,2024-06-28-uk-nca-operation-morpheus-cobalt-strike,operation-morpheus,dutch-police;europol-ec3;fbi-cyber-division;germany-bka;uk-nca,australia-afp;canada-rcmp;europol-ec3;fbi;germany-bka;netherlands-politie;poland-police;shadowserver;uk-nca,australia;canada;germany;netherlands;poland;united-kingdom;united-states,australia;canada;germany;netherlands;poland;united-kingdom;united-states,malware-ic;ransomware-ic,malware-ic;ransomware-ic,matched,
2_데이터추출(국가_기관_범죄유형),70,2021,Operation Secreto,operation-secreto,https://www.europol.europa.eu/media-press/newsroom/news/105-arrested-for-stealing-over-%E2%82%AC12-million-us-based-banks,2021-02-01_europol-europa-eu_105-arrested-for-stealing-over-eur-12-million-from-us-based-banks,operation-europol-105-arrested-for-stealing-over-12-million-from-us-based-banks-operation-secreto,eurojust;europol-ec3;us-doj,europol-ec3,austria;spain;united-states,austria;denmark;greece;spain;united-kingdom;united-states,,,matched,no_target_six_crime_type_detected
2_데이터추출(국가_기관_범죄유형),71,2021,Operation Trojan Shield,operation-trojan-shield,https://www.welivesecurity.com/2021/06/08/hundreds-arrested-tricked-using-fbi-run-chat-app/,,operation-trojan-shield,europol-ec3;fbi-cyber-division,australia-afp;europol-ec3;fbi-cyber-division;netherlands-politie;sweden-police,australia;austria;belgium;finland;france;germany;italy;lithuania;netherlands;poland;spain;sweden;united-kingdom;united-states,australia;germany;international;netherlands;sweden;united-states,,,matched,no_target_six_crime_type_detected
2_데이터추출(국가_기관_범죄유형),72,2021,(가칭)Operation PeerWatch,operation-peerwatch,https://timesofmalta.com/article/malta-police-taking-part-in-european-cyber-crime-operation.641343,,imminent-monitor-rat-takedown,europol-ec3,australia-afp;eurojust;europol-ec3,,australia;colombia;czech-republic;netherlands;poland;spain;sweden;united-kingdom,csam-ic,malware-ic,matched,
2_데이터추출(국가_기관_범죄유형),73,2021,(가칭)Operation DoubleVPN,operation-doublevpn,https://www.welivesecurity.com/2021/06/30/global-police-vpn-service-cybercriminals/,,doublevpn-takedown,fbi-cyber-division;interpol,canada-rcmp;eurojust;europol-ec3;fbi-cyber-division;germany-bka;netherlands-politie;uk-nca;us-doj;us-secret-service,australia;canada;india;united-states,bulgaria;canada;germany;italy;netherlands;sweden;switzerland;united-kingdom;united-states,,ransomware-ic,matched,no_target_six_crime_type_detected
2_데이터추출(국가_기관_범죄유형),74,2021,(가칭)Operation TrickBot Witte,operation-trickbot-witte,https://www.bloomberg.com/news/articles/2021-06-09/hacker-known-as-max-is-55-year-old-woman-from-russia-u-s-says,,imminent-monitor-rat-takedown,fbi-cyber-division;us-doj,australia-afp;eurojust;europol-ec3,russia;united-states,australia;colombia;czech-republic;netherlands;poland;spain;sweden;united-kingdom,malware-ic;ransomware-ic,malware-ic,matched,
2_데이터추출(국가_기관_범죄유형),75,2022,Africa Cyber Surge Operation,operation-africa-cyber-surge-operation,https://www.interpol.int/News-and-Events/News/2022/Operation-across-Africa-identifies-cyber-criminals-and-at-risk-online-infrastructure,,imminent-monitor-rat-takedown,interpol,australia-afp;eurojust;europol-ec3,,australia;colombia;czech-republic;netherlands;poland;spain;sweden;united-kingdom,malware-ic;ransomware-ic,malware-ic,matched,
2_데이터추출(국가_기관_범죄유형),76,2022,Operation Chakra,operation-chakra,https://timesofindia.indiatimes.com/city/jaipur/cbis-op-chakra-to-battle-cybercrime-gangs-in-state/articleshow/94654273.cms,,operation-chakra-v,fbi-cyber-division;interpol,cbi-india;japan-npa;microsoft,australia;canada;india;united-states,india;japan,,voice-phishing-ic,matched,no_target_six_crime_type_detected
2_데이터추출(국가_기관_범죄유형),77,2022,Operation Chakra-III,operation-chakra-iii,https://www.freepressjournal.in/mumbai/operation-chakra-iii-cbi-fbi-dismantle-cybercrime-network-in-mumbai-kolkata-mastermind-arrested,,operation-chakra-iii,fbi-cyber-division;interpol,cbi-india;fbi-cyber-division;interpol;us-dhs,india;united-states,india;united-states,,malware-ic;voice-phishing-ic,matched,no_target_six_crime_type_detected
2_데이터추출(국가_기관_범죄유형),78,2022,Operation Discovery,operation-discovery,https://dialogo-americas.com/articles/operation-discovery-dismantles-cybercrime-network-in-the-dominican-republic/,,imminent-monitor-rat-takedown,fbi-cyber-division,australia-afp;eurojust;europol-ec3,united-states,australia;colombia;czech-republic;netherlands;poland;spain;sweden;united-kingdom,,malware-ic,matched,no_target_six_crime_type_detected;no_clear_international_cooperation_signal
2_데이터추출(국가_기관_범죄유형),79,2022,Operation Fox Hunt 2,operation-fox-hunt-2,https://www.arabianbusiness.com/culture-society/dubai-arrested-nigerian-influencer-hushpuppi-sentenced-to-11-years-jail,,imminent-monitor-rat-takedown,fbi-cyber-division;us-doj,australia-afp;eurojust;europol-ec3,united-states,australia;colombia;czech-republic;netherlands;poland;spain;sweden;united-kingdom,,malware-ic,matched,no_target_six_crime_type_detected;no_clear_international_cooperation_signal
2_데이터추출(국가_기관_범죄유형),80,2022,Operation Jackal,operation-jackal,https://www.thecable.ng/interpol-arrests-75-cybercrime-suspects-linked-to-black-axe/,,operation-jackal-iii,interpol,interpol-igci,italy,argentina;ireland;switzerland,,,matched,no_target_six_crime_type_detected
2_데이터추출(국가_기관_범죄유형),81,2022,Operation Killer Bee,operation-killer-bee,https://www.interpol.int/News-and-Events/News/2022/Online-scamming-fraud-three-Nigerians-arrested-in-INTERPOL-Operation-Killer-Bee,2022-05-30_interpol-int_interpol-online-scamming-fraud-three-nigerians-arrested-in-operation-killer-bee,operation-interpol-online-scamming-fraud-three-nigerians-arrested-in-operation-killer-bee,interpol,interpol,,international,malware-ic,,matched,
2_데이터추출(국가_기관_범죄유형),82,2022,Operation Kraken,operation-kraken,https://www.reuters.com/technology/cybersecurity/ghost-cybercrime-platform-dismantled-global-operation-51-arrested-2024-09-18/,2024-09-18_reuters-com_ghost-cybercrime-platform-dismantled-in-global-operation-51-arrested,operation-ghost-cybercrime-platform-dismantled-in-global-operation-51-arrested,dutch-police;europol-ec3;fbi-cyber-division,us-doj,australia;canada;france;ireland;italy;netherlands;sweden;united-states,united-states,,,matched,no_target_six_crime_type_detected
2_데이터추출(국가_기관_범죄유형),83,2022,(가칭)Operation FakeMall Takedown,operation-fakemall-takedown,https://www.europol.europa.eu/media-press/newsroom/news/fraudulent-shopping-sites-tied-to-cybercrime-marketplace-taken-offline,2024-12-04_europol-europa-eu_fraudulent-shopping-sites-tied-to-cybercrime-marketplace-taken-offline,fake-shopping-sites-takedown-2024,dutch-police;europol-ec3;germany-bka,czechia-police;europol-ec3;german-police;netherlands-politie;poland-police,austria;finland;germany;netherlands;norway,austria;czechia;finland;germany;netherlands;poland,,,matched,no_target_six_crime_type_detected
2_데이터추출(국가_기관_범죄유형),84,2022,(가칭)Operation Black Axe,operation-black-axe,https://therecord.media/us-arrests-33-bec-scammers-linked-to-nigerian-crime-syndicate,,black-axe-bec-2021,fbi-cyber-division;us-doj,interpol,united-states,international;ireland;nigeria;south-africa;united-kingdom;united-states,,,matched,no_target_six_crime_type_detected;no_clear_international_cooperation_signal
2_데이터추출(국가_기관_범죄유형),85,2022,(가칭)Operation Marketplace A,operation-marketplace-a,https://cyberscoop.com/igor-dekhtyarchuk-marketplace-a-indictment-doj-fbi/,2022-03-22_cyberscoop_igor-dekhtyarchuk-marketplace-a-indictment-doj-fbi,operation-ssndob-marketplace-administrator-pleads-guilty-to-charges-related-to-his-operation-of-a-series-of-websites-tha,fbi-cyber-division;us-doj,us-doj,united-states,united-states,,,matched,no_target_six_crime_type_detected;no_clear_international_cooperation_signal
2_데이터추출(국가_기관_범죄유형),86,2022,(가칭)Operation Molo Sanction,operation-molo-sanction,https://www.pressherald.com/2022/04/06/u-s-charges-russian-oligarch-dismantles-cybercrime-operation/,,imminent-monitor-rat-takedown,fbi-cyber-division;us-doj,australia-afp;eurojust;europol-ec3,united-states,australia;colombia;czech-republic;netherlands;poland;spain;sweden;united-kingdom,,malware-ic,matched,no_target_six_crime_type_detected;no_clear_international_cooperation_signal
2_데이터추출(국가_기관_범죄유형),87,2022,(가칭)Operation Raccoon Sweep,operation-raccoon-sweep,https://www.scworld.com/brief/cybercriminals-increasingly-using-caramel-credit-card-theft-service,,imminent-monitor-rat-takedown,dutch-police;fbi-cyber-division;us-doj,australia-afp;eurojust;europol-ec3,italy;netherlands;united-states,australia;colombia;czech-republic;netherlands;poland;spain;sweden;united-kingdom,,malware-ic,matched,no_target_six_crime_type_detected
2_데이터추출(국가_기관_범죄유형),88,2022,(가칭)Operation JP Morgan,operation-jp-morgan,https://www.occrp.org/en/news/ransomware-kingpin-extradited-to-us-faces-decades-in-prison,,imminent-monitor-rat-takedown,fbi-cyber-division;uk-nca;us-doj,australia-afp;eurojust;europol-ec3,spain;united-kingdom;united-states,australia;colombia;czech-republic;netherlands;poland;spain;sweden;united-kingdom,malware-ic;ransomware-ic,malware-ic,matched,
2_데이터추출(국가_기관_범죄유형),89,2023,Africa Cyber Surge II,operation-africa-cyber-surge-ii,https://therecord.media/africa-cyber-surge-14-arrests-interpol,2023-08-18_therecord-media_africa-cyber-surge-14-arrests-interpol,africa-cyber-surge-ii,interpol,afripol;interpol,,cameroon;gambia;kenya;mauritius;nigeria;south-africa;tanzania,,,matched,no_target_six_crime_type_detected
2_데이터추출(국가_기관_범죄유형),90,2023,HAECHI IV,operation-haechi-iv,https://securityboulevard.com/2023/12/international-investigations-target-financial-cybercrime/,,operation-usd-300-million-seized-and-3-500-suspects-arrested-operation-haechi-iv,fbi-cyber-division;interpol;us-doj,interpol,australia;germany;south-korea;switzerland;ukraine;united-states,south-korea,malware-ic;voice-phishing-ic,,matched,
2_데이터추출(국가_기관_범죄유형),91,2023,Operation Chakra-II,operation-chakra-ii,https://www.newsbytesapp.com/news/india/operation-chakra-ii-cbi-launches-crackdown-on-cybercrime-gangs/story,,operation-chakra-ii,fbi-cyber-division;germany-bka;interpol;uk-nca,cbi-india;fbi-cyber-division;interpol;microsoft,germany;india;united-kingdom;united-states,india;united-states,voice-phishing-ic,voice-phishing-ic,matched,
2_데이터추출(국가_기관_범죄유형),92,2023,Operation Contender 2.0,operation-contender-2-0,https://www.interpol.int/News-and-Events/News/2024/Arrests-in-international-operation-targeting-cybercriminals-in-West-Africa,,operation-contender-2,interpol,afripol;interpol-igci,switzerland,cote-divoire;finland;nigeria;switzerland,,,matched,no_target_six_crime_type_detected
2_데이터추출(국가_기관_범죄유형),93,2023,Operation Cookie Monster,operation-cookie-monster,https://www.9news.com.au/world/fbi-seizes-popular-cybercrime-forum-genesis-market-used-for-large-scale-identity-theft/0e7d2fab-5491-4ece-8520-3232aa43f0c0,,imminent-monitor-rat-takedown,dutch-police;europol-ec3;fbi-cyber-division;uk-nca;us-doj,australia-afp;eurojust;europol-ec3,australia;canada;germany;netherlands;sweden;united-kingdom;united-states,australia;colombia;czech-republic;netherlands;poland;spain;sweden;united-kingdom,malware-ic;ransomware-ic,malware-ic,matched,
2_데이터추출(국가_기관_범죄유형),94,2023,Operation Endgame1,operation-endgame1,https://therecord.media/international-operation-takes-down-cryptor,,operation-endgame,dutch-police;europol-ec3;fbi-cyber-division;us-doj,armenia-police;australia-afp;belgium-federal-police;bulgaria-police;canada-rcmp;denmark-police;eurojust;europol-ec3;fbi-cyber-division;france-gendarmerie;france-junalco;france-national-police;germany-bka;germany-frankfurt-prosecutor;germany-lka;lithuania-police;netherlands-politie;portugal-police;romania-police;switzerland-fedpol;uk-nca;ukraine-police;us-dcis;us-doj;us-secret-service,australia;germany;netherlands;romania;united-states,armenia;australia;bulgaria;canada;denmark;france;germany;lithuania;netherlands;portugal;romania;switzerland;ukraine;united-kingdom;united-states,malware-ic;ransomware-ic,malware-ic;ransomware-ic,matched,
2_데이터추출(국가_기관_범죄유형),95,2023,Operation HAECHI III,operation-haechi-iii,https://www.cpomagazine.com/cyber-security/interpol-arrested-almost-1000-cybercriminals-and-recovered-130-million-in-global-operation/,,operation-operation-haechi-iii-interpol-arrested-1000-cyber-criminals-seized-130-million,interpol,us-doj,australia;india;ireland;italy;south-korea,united-states,voice-phishing-ic,,matched,
2_데이터추출(국가_기관_범죄유형),96,2023,Operation Nervone,operation-nervone,https://www.group-ib.com/media-center/press-releases/operation-nervone/,2023-07-05_group-ib_operation-nervone-opera1er,operation-nervone,interpol,afripol;interpol,france;germany;united-kingdom;united-states,cote-divoire;united-states,malware-ic,malware-ic,matched,
2_데이터추출(국가_기관_범죄유형),97,2023,Operation Synergia,operation-synergia,https://www.kaspersky.com/about/press-releases/kaspersky-shares-cyberthreat-data-with-interpol-in-operation-to-disrupt-transnational-cybercrime,kaspersky-operation-avalanche,operation-synergia-ii,interpol,group-ib;interpol-igci;kaspersky-lab;team-cymru;trend-micro,,estonia;hong-kong;macau;madagascar;mongolia,malware-ic;ransomware-ic,ransomware-ic,matched,
2_데이터추출(국가_기관_범죄유형),98,2023,Qakbot,operation-qakbot,https://www.curacaochronicle.com/post/world/international-operation-dismantles-qakbot-malware-22-servers-seized-in-the-netherlands/,,qakbot-gallyamov-indictment,dutch-police;europol-ec3;fbi-cyber-division;us-doj,europol-ec3;fbi-cyber-division;netherlands-om;netherlands-politie,france;germany;netherlands;romania;united-states,canada;denmark;france;germany;netherlands;united-kingdom;united-states,malware-ic;ransomware-ic,malware-ic;ransomware-ic,matched,
2_데이터추출(국가_기관_범죄유형),99,2023,(가칭)Operation Crypto Blender,operation-crypto-blender,https://cyberscoop.com/russians-crypto-mixers-doj-charges/,,imminent-monitor-rat-takedown,fbi-cyber-division;us-doj,australia-afp;eurojust;europol-ec3,finland;netherlands;united-states,australia;colombia;czech-republic;netherlands;poland;spain;sweden;united-kingdom,,malware-ic,matched,no_target_six_crime_type_detected
2_데이터추출(국가_기관_범죄유형),100,2023,(가칭)Operation Africa CyberDesk,operation-africa-cyberdesk,https://www.interpol.int/News-and-Events/News/2021/INTERPOL-launches-initiative-to-fight-cybercrime-in-Africa,,imminent-monitor-rat-takedown,interpol,australia-afp;eurojust;europol-ec3,,australia;colombia;czech-republic;netherlands;poland;spain;sweden;united-kingdom,,malware-ic,matched,no_target_six_crime_type_detected
2_데이터추출(국가_기관_범죄유형),101,2023,(가칭)Operation IRS Scamcall,operation-irs-scamcall,https://theprint.in/india/delhi-police-busts-international-cyber-crime-syndicate-in-operation-with-fbi-interpol/1631464/,,imminent-monitor-rat-takedown,fbi-cyber-division;interpol,australia-afp;eurojust;europol-ec3,india;united-states,australia;colombia;czech-republic;netherlands;poland;spain;sweden;united-kingdom,,malware-ic,matched,no_target_six_crime_type_detected
2_데이터추출(국가_기관_범죄유형),102,2023,(가칭)Operation Hive Collapse,operation-hive-collapse,https://www.europol.europa.eu/media-press/newsroom/news/cybercriminals-stung-hive-infrastructure-shut-down,2023-01-26_europol-europa-eu_cybercriminals-stung-as-hive-infrastructure-shut-down,hive-ransomware-takedown,dutch-police;europol-ec3;fbi-cyber-division;uk-nca;us-doj,dutch-police;europol-ec3;fbi;german-bka;uk-nca;us-secret-service;usdoj,canada;france;germany;ireland;lithuania;netherlands;norway;romania;spain;sweden;united-kingdom;united-states,canada;france;germany;ireland;lithuania;netherlands;norway;portugal;romania;spain;sweden;united-kingdom;united-states,ransomware-ic,malware-ic,matched,
2_데이터추출(국가_기관_범죄유형),103,2023,(가칭)Operation RansomCollective,operation-ransomcollective,https://www.sentinelone.com/blog/december-2023-cybercrime-update-extortion-trends-identity-focused-attacks-counter-operations/,,imminent-monitor-rat-takedown,europol-ec3;fbi-cyber-division;us-doj,australia-afp;eurojust;europol-ec3,germany;italy;spain;ukraine;united-states,australia;colombia;czech-republic;netherlands;poland;spain;sweden;united-kingdom,malware-ic;ransomware-ic,malware-ic,matched,
2_데이터추출(국가_기관_범죄유형),104,2023,(가칭)Operation Genesis,operation-genesis,https://rcmp.ca/en/gazette/rcmp-specialized-unit-combats-cybercrime-through-teamwork,,imminent-monitor-rat-takedown,fbi-cyber-division,australia-afp;eurojust;europol-ec3,australia;canada;finland;france;germany;netherlands;norway;poland;romania;sweden;switzerland;united-kingdom;united-states,australia;colombia;czech-republic;netherlands;poland;spain;sweden;united-kingdom,ransomware-ic,malware-ic,matched,
2_데이터추출(국가_기관_범죄유형),105,2023,(가칭)Operation ScamCamp,operation-scamcamp,https://www.nytimes.com/2024/09/10/business/scammers-trafficking-cybercrime.html,,imminent-monitor-rat-takedown,interpol,australia-afp;eurojust;europol-ec3,,australia;colombia;czech-republic;netherlands;poland;spain;sweden;united-kingdom,,malware-ic,matched,no_target_six_crime_type_detected
2_데이터추출(국가_기관_범죄유형),106,2023,(가칭)Operation XHelper,operation-xhelper,https://thehackernews.com/2024/03/how-cybercriminals-are-exploiting.html,,imminent-monitor-rat-takedown,europol-ec3,australia-afp;eurojust;europol-ec3,china;india,australia;colombia;czech-republic;netherlands;poland;spain;sweden;united-kingdom,malware-ic,malware-ic,matched,
2_데이터추출(국가_기관_범죄유형),107,2023,(가칭)Operation EuroPak Fraud,operation-europak-fraud,https://therecord.media/pakistan-cybercrime-busted-dutch-doj,,imminent-monitor-rat-takedown,dutch-police,australia-afp;eurojust;europol-ec3,netherlands,australia;colombia;czech-republic;netherlands;poland;spain;sweden;united-kingdom,,malware-ic,matched,no_target_six_crime_type_detected;no_clear_international_cooperation_signal
2_데이터추출(국가_기관_범죄유형),108,2023,(가칭)Operation SA-ID Theft,operation-sa-id-theft,https://techpoint.africa/news/interpol-busts-cybercrime-in-south-africa/,,imminent-monitor-rat-takedown,interpol,australia-afp;eurojust;europol-ec3,,australia;colombia;czech-republic;netherlands;poland;spain;sweden;united-kingdom,,malware-ic,matched,no_target_six_crime_type_detected
2_데이터추출(국가_기관_범죄유형),109,2024,Operation Africa Cyber Surge II,operation-africa-cyber-surge-ii,https://www.vanguardngr.com/2024/04/interpol-identifies-20-674-suspicious-networks-linked-to-terrorists-money-laundering-others-in-25-african-countries/,2024-04-01_vanguardngr-com_interpol-identifies-20-674-suspicious-networks-linked-to-terrorists-money-lau,africa-cyber-surge-ii,interpol,afripol;interpol,,cameroon;gambia;kenya;mauritius;nigeria;south-africa;tanzania,malware-ic;ransomware-ic,,matched,
2_데이터추출(국가_기관_범죄유형),110,2024,Operation Bali Becik 2024,operation-bali-becik-2024,https://www.aljazeera.com/news/2024/6/28/indonesia-says-will-deport-103-taiwanese-suspected-of-cybercrimes-in-bali,2024-06-28_aljazeera-com_indonesia-says-will-deport-103-taiwanese-suspected-of-cybercrimes-in-bali,bali-villa-cybercrime-raid-2024,,indonesia-immigration,,indonesia,,,matched,no_target_six_crime_type_detected;no_clear_international_cooperation_signal
2_데이터추출(국가_기관_범죄유형),111,2024,Operation Cronos,operation-cronos,https://www.theguardian.com/technology/2024/feb/20/uk-and-fbi-lock-cybercrime-group-out-of-lockbit-website,,operation-cronos-phase3,europol-ec3;fbi-cyber-division;uk-nca,australia-afp;canada-rcmp;eurojust;europol-ec3;fbi-cyber-division;france-gendarmerie;germany-bka;germany-lka;japan-npa;netherlands-politie;spain-guardia-civil;sweden-police;switzerland-fedpol;uk-nca,australia;canada;france;germany;poland;ukraine;united-kingdom;united-states,australia;canada;france;germany;japan;netherlands;romania;spain;sweden;switzerland;united-kingdom;united-states,ransomware-ic,ransomware-ic,matched,
2_데이터추출(국가_기관_범죄유형),112,2024,Operation Cyber Slaves,operation-cyber-slaves,https://www.indiatoday.in/programme/newstrack-with-rahul-kanwal/video/operation-cyber-slaves-india-today-exposes-ruthless-cybercrime-syndicates-top-focus-on-rahul-kanwals-show-2642515-2024-11-29,,imminent-monitor-rat-takedown,,australia-afp;eurojust;europol-ec3,india,australia;colombia;czech-republic;netherlands;poland;spain;sweden;united-kingdom,,malware-ic,matched,no_target_six_crime_type_detected;no_clear_international_cooperation_signal
2_데이터추출(국가_기관_범죄유형),113,2024,Operation Destabilise,operation-destabilise,https://therecord.media/russian-money-laundering-networks-trafficking-cybercrime-kremlin,,operation-destabilise,fbi-cyber-division;uk-nca,fbi-cyber-division;uk-nca,france;russia;united-kingdom;united-states,united-kingdom;united-states,ransomware-ic,ransomware-ic,matched,
2_데이터추출(국가_기관_범죄유형),114,2024,Operation Endgame2,operation-endgame2,https://vancouver.citynews.ca/2025/04/09/surrey-resident-arrested-in-operation-endgame-international-cybercrime-crackdown/,,operation-endgame,europol-ec3;fbi-cyber-division,armenia-police;australia-afp;belgium-federal-police;bulgaria-police;canada-rcmp;denmark-police;eurojust;europol-ec3;fbi-cyber-division;france-gendarmerie;france-junalco;france-national-police;germany-bka;germany-frankfurt-prosecutor;germany-lka;lithuania-police;netherlands-politie;portugal-police;romania-police;switzerland-fedpol;uk-nca;ukraine-police;us-dcis;us-doj;us-secret-service,canada;france;germany;netherlands;united-kingdom;united-states,armenia;australia;bulgaria;canada;denmark;france;germany;lithuania;netherlands;portugal;romania;switzerland;ukraine;united-kingdom;united-states,malware-ic;ransomware-ic,malware-ic;ransomware-ic,matched,
2_데이터추출(국가_기관_범죄유형),115,2024,Operation HAECHI V,operation-haechi-v,https://www.helpnetsecurity.com/2024/12/02/haechi-v-interpol-global-operation-targeting-cyber-fraud/,,operation-haechi-v,interpol,chinese-public-security-bureau;interpol-igci;knpa-cyber-bureau,china;france;germany;south-korea;united-kingdom;united-states,china;south-korea,voice-phishing-ic,voice-phishing-ic,matched,
2_데이터추출(국가_기관_범죄유형),116,2024,Operation Jackal III,operation-jackal-iii,https://cyberscoop.com/300-arrests-made-in-crackdown-of-west-african-cyber-fraud-group/,,operation-jackal-iii,fbi-cyber-division;interpol;us-doj,interpol-igci,france;germany;ireland;italy;netherlands;spain;united-kingdom;united-states,argentina;ireland;switzerland,,,matched,no_target_six_crime_type_detected
2_데이터추출(국가_기관_범죄유형),117,2024,Operation Nebulae,operation-nebulae,https://itwire.com/business-it-news/security/five-australians-held-in-operation-to-take-down-cyber-crime-ring.html,,imminent-monitor-rat-takedown,europol-ec3,australia-afp;eurojust;europol-ec3,australia;canada;ireland;united-kingdom,australia;colombia;czech-republic;netherlands;poland;spain;sweden;united-kingdom,,malware-ic,matched,no_target_six_crime_type_detected
2_데이터추출(국가_기관_범죄유형),118,2024,Operation Red Card,operation-red-card,https://www.techradar.com/pro/security/interpol-operation-arrests-300-suspects-linked-to-african-cybercrime-rings,,operation-red-card,interpol,afripol;interpol-igci,,benin;cote-divoire;nigeria;rwanda;south-africa;togo;zambia,malware-ic,,matched,
2_데이터추출(국가_기관_범죄유형),119,2024,Operation Serengeti,operation-serengeti,https://tech-ish.com/2024/11/27/kenya-cybercrime-interpol-banking-fraud/,,operation-serengeti,interpol,afripol;interpol-igci,china,algeria;angola;benin;cameroon;cote-divoire;democratic-republic-of-the-congo;gabon;ghana;kenya;mauritius;mozambique;nigeria;rwanda;senegal;south-africa;tanzania;tunisia;zambia;zimbabwe,ransomware-ic,ransomware-ic,matched,
2_데이터추출(국가_기관_범죄유형),120,2024,Operation Synergia II,operation-synergia-ii,https://www.techradar.com/pro/interpol-says-it-disrupted-thousands-of-cybercrime-instances-in-major-operation,,operation-synergia-ii,interpol,group-ib;interpol-igci;kaspersky-lab;team-cymru;trend-micro,australia;austria;belgium;canada,estonia;hong-kong;macau;madagascar;mongolia,malware-ic;ransomware-ic,ransomware-ic,matched,
2_데이터추출(국가_기관_범죄유형),121,2024,Operation Trust No One,operation-trust-no-one,https://www.weforum.org/stories/2024/11/industry-experts-public-sector-are-disrupting-cybercriminals/,,imminent-monitor-rat-takedown,interpol;uk-nca,australia-afp;eurojust;europol-ec3,united-kingdom,australia;colombia;czech-republic;netherlands;poland;spain;sweden;united-kingdom,,malware-ic,matched,no_target_six_crime_type_detected
2_데이터추출(국가_기관_범죄유형),122,2024,(가칭)Operation AI Sentinel,operation-ai-sentinel,https://thehackernews.com/2024/10/openai-blocks-20-global-malicious.html,,imminent-monitor-rat-takedown,,australia-afp;eurojust;europol-ec3,china;india;israel;united-states,australia;colombia;czech-republic;netherlands;poland;spain;sweden;united-kingdom,malware-ic,malware-ic,matched,
2_데이터추출(국가_기관_범죄유형),123,2024,(가칭)Operation Ivanov Cutoff,operation-ivanov-cutoff,https://therecord.media/cryptocurrency-exchanges-seizures-ivanov-sanctions-us-netherlands,,imminent-monitor-rat-takedown,dutch-police;us-doj,australia-afp;eurojust;europol-ec3,netherlands;united-states,australia;colombia;czech-republic;netherlands;poland;spain;sweden;united-kingdom,ransomware-ic,malware-ic,matched,
2_데이터추출(국가_기관_범죄유형),124,2024,(가칭)Operation Rydox,operation-rydox,https://cyberscoop.com/rydox-cybercriminal-marketplace-seized-doj-albania-kosovo/,2024-12-12_cyberscoop-com_rydox-cybercriminal-marketplace-seized-doj-albania-kosovo,rydox-marketplace-takedown,fbi-cyber-division,fbi-cyber-division;us-doj,kosovo;united-states,albania;kosovo;malaysia;united-states,,,matched,no_target_six_crime_type_detected
2_데이터추출(국가_기관_범죄유형),125,2024,(가칭)Operation Warzone RAT,operation-warzone-rat,https://www.theguardian.com/australia-news/2024/feb/13/daniel-meli-arrest-malta-cybercrime-australia-trojan-software,,imminent-monitor-rat-takedown,fbi-cyber-division;us-doj,australia-afp;eurojust;europol-ec3,australia;united-states,australia;colombia;czech-republic;netherlands;poland;spain;sweden;united-kingdom,malware-ic,malware-ic,matched,
2_데이터추출(국가_기관_범죄유형),126,2024,(가칭)Operation 911 S5,operation-911-s5,https://www.business-standard.com/world-news/man-suspected-of-operating-world-s-largest-ever-cybercrime-botnet-held-124053000064_1.html,,imminent-monitor-rat-takedown,fbi-cyber-division;us-doj,australia-afp;eurojust;europol-ec3,united-states,australia;colombia;czech-republic;netherlands;poland;spain;sweden;united-kingdom,csam-ic,malware-ic,matched,no_clear_international_cooperation_signal
2_데이터추출(국가_기관_범죄유형),127,2024,(가칭)Operation PopeyeTools,operation-popeyetools,https://thecyberexpress.com/justice-department-shuts-popeyetools-website/,,imminent-monitor-rat-takedown,fbi-cyber-division;us-doj,australia-afp;eurojust;europol-ec3,united-kingdom;united-states,australia;colombia;czech-republic;netherlands;poland;spain;sweden;united-kingdom,ransomware-ic,malware-ic,matched,
2_데이터추출(국가_기관_범죄유형),128,2024,(가칭)Operation Lusaka Scam,operation-lusaka-scam,https://therecord.media/zambia-guilty-pleas-chinese-nationals-scam-call-center,2024-06-05-therecord-zambia-golden-top-guilty-pleas,zambia-golden-top-call-center,,zambia-anti-terrorism-unit;zambia-drug-enforcement-commission-dec;zambia-immigration-department;zambia-police-service,china,china;zambia,,,matched,no_target_six_crime_type_detected;no_clear_international_cooperation_signal
2_데이터추출(국가_기관_범죄유형),129,2024,(가칭)Operation Belgium Phish,operation-belgium-phish,https://thehackernews.com/2024/12/phone-phishing-gang-busted-eight.html,,imminent-monitor-rat-takedown,dutch-police;eurojust;europol-ec3,australia-afp;eurojust;europol-ec3,belgium;netherlands,australia;colombia;czech-republic;netherlands;poland;spain;sweden;united-kingdom,voice-phishing-ic,malware-ic,matched,
2_데이터추출(국가_기관_범죄유형),130,2024,(가칭)Operation Telangana Scam,operation-telangana-scam,https://the420.in/telangana-cyber-security-bureau-cracks-down-on-cybercrime-arrests-21-cybercrime-criminals-in-major-operation/,,imminent-monitor-rat-takedown,,australia-afp;eurojust;europol-ec3,india,australia;colombia;czech-republic;netherlands;poland;spain;sweden;united-kingdom,,malware-ic,matched,no_target_six_crime_type_detected;no_clear_international_cooperation_signal
2_데이터추출(국가_기관_범죄유형),131,2024,(가칭)Operation Naija CyberFront,operation-naija-cyberfront,https://www.arise.tv/interpol-nigeria-setting-pace-in-fight-against-cybercrime-in-africa/#google_vignette,,imminent-monitor-rat-takedown,interpol;uk-nca,australia-afp;eurojust;europol-ec3,france;united-kingdom,australia;colombia;czech-republic;netherlands;poland;spain;sweden;united-kingdom,,malware-ic,matched,no_target_six_crime_type_detected
2_데이터추출(국가_기관_범죄유형),132,2024,(가칭)Operation Grandparent Scam,operation-grandparent-scam,https://dominicantoday.com/dr/local/2024/09/25/santiago-prosecutors-office-charges-21-in-major-cybercrime-operation-targeting-elderly-americans/,,imminent-monitor-rat-takedown,fbi-cyber-division;us-doj,australia-afp;eurojust;europol-ec3,united-states,australia;colombia;czech-republic;netherlands;poland;spain;sweden;united-kingdom,,malware-ic,matched,no_target_six_crime_type_detected;no_clear_international_cooperation_signal
2_데이터추출(국가_기관_범죄유형),133,2024,(가칭)Operation Kandy Sweep,operation-kandy-sweep,https://lankasara.com/news/the-growing-menace-of-chinese-cyber-criminals-in-sri-lanka-behind-the-kandy-arrest/,,imminent-monitor-rat-takedown,,australia-afp;eurojust;europol-ec3,china;india,australia;colombia;czech-republic;netherlands;poland;spain;sweden;united-kingdom,,malware-ic,matched,no_target_six_crime_type_detected
2_데이터추출(국가_기관_범죄유형),134,2024,(가칭)Operation Nemesis Market,operation-nemesis-market,https://therecord.media/nemesis-cybercrime-market-takedown-germany,the-record-911-s5-botnet-dismantling,imminent-monitor-rat-takedown,fbi-cyber-division;germany-bka,australia-afp;eurojust;europol-ec3,germany;lithuania;united-states,australia;colombia;czech-republic;netherlands;poland;spain;sweden;united-kingdom,ransomware-ic,malware-ic,matched,
2_데이터추출(국가_기관_범죄유형),135,2024,(가칭)Operation Quezon FakeGov,operation-quezon-fakegov,https://dailypost.ng/2024/10/29/nigerian-national-wanted-in-us-cybercrime-case-arrested-in-philippines/,,imminent-monitor-rat-takedown,fbi-cyber-division;us-doj,australia-afp;eurojust;europol-ec3,united-states,australia;colombia;czech-republic;netherlands;poland;spain;sweden;united-kingdom,,malware-ic,matched,no_target_six_crime_type_detected;no_clear_international_cooperation_signal
2_데이터추출(국가_기관_범죄유형),136,2024,(가칭)Operation Jackpot Crew,operation-jackpot-crew,https://gbhackers.com/two-cybercriminals-arrested/,,imminent-monitor-rat-takedown,fbi-cyber-division;us-doj,australia-afp;eurojust;europol-ec3,united-states,australia;colombia;czech-republic;netherlands;poland;spain;sweden;united-kingdom,,malware-ic,matched,no_target_six_crime_type_detected;no_clear_international_cooperation_signal
2_데이터추출(국가_기관_범죄유형),137,2024,(가칭)Operation Naija-Japan Scam,operation-naija-japan-scam,https://www.thecable.ng/npf-eleven-cybercrime-suspects-arrested-33320-recovered-in-joint-operation-with-japanese-police/,,imminent-monitor-rat-takedown,,australia-afp;eurojust;europol-ec3,,australia;colombia;czech-republic;netherlands;poland;spain;sweden;united-kingdom,,malware-ic,matched,no_target_six_crime_type_detected;no_clear_international_cooperation_signal
2_데이터추출(국가_기관_범죄유형),139,2025,crackdown,operation-crackdown,https://timesofindia.indiatimes.com/city/hyderabad/agents-luring-people-to-myanmar-cybercrime-den-under-cops-radar/articleshow/118991601.cms,,phobos-8base-crackdown,,eurojust;europol-ec3;fbi-cyber-division;germany-bka;japan-npa;spain-guardia-civil;uk-nca,india,belgium;czechia;france;germany;japan;poland;romania;singapore;south-korea;spain;sweden;switzerland;thailand;united-kingdom;united-states,,ransomware-ic,matched,no_target_six_crime_type_detected;no_clear_international_cooperation_signal
2_데이터추출(국가_기관_범죄유형),141,2025,Eagle Flush Operation,operation-eagle-flush-operation,https://the420.in/inside-nigerias-biggest-cybercrime-crackdown-nine-chinese-nationals-jailed-in-global-scam-ring/,,imminent-monitor-rat-takedown,,australia-afp;eurojust;europol-ec3,china,australia;colombia;czech-republic;netherlands;poland;spain;sweden;united-kingdom,,malware-ic,matched,no_target_six_crime_type_detected;no_clear_international_cooperation_signal
2_데이터추출(국가_기관_범죄유형),143,2025,global operation,operation-global-operation,https://www.taipeitimes.com/News/world/archives/2025/05/25/2003837488,,operation-usd-257-million-seized-in-global-police-crackdown-against-online-scams-operation-first-light-2024-3,dutch-police;germany-bka;us-doj,interpol,canada;france;germany;netherlands;united-kingdom;united-states,international,malware-ic;ransomware-ic,,matched,
2_데이터추출(국가_기관_범죄유형),145,2025,Operation Chakra-IV,operation-chakra-iv,https://www.freepressjournal.in/india/cbi-dismantles-global-cybercrime-network-targeting-germans-since-2021-in-operation-chakra-iv,2025-02-18_freepressjournal_operation-chakra-iv-german-tech-support-scam,operation-chakra-iv,germany-bka,cbi-india;interpol,germany;india,germany;india,voice-phishing-ic,voice-phishing-ic,matched,
2_데이터추출(국가_기관_범죄유형),146,2025,Operation Chakra-V,operation-chakra-v,https://www.thehindu.com/news/national/operation-chakra-v-cbi-arrests-six-members-of-cybercrime-syndicate-targeting-japanese-citizens/article69632312.ece,,operation-chakra-v,,cbi-india;japan-npa;microsoft,india,india;japan,voice-phishing-ic,voice-phishing-ic,matched,no_clear_international_cooperation_signal
2_데이터추출(국가_기관_범죄유형),147,2025,Operation Dolos,operation-dolos,https://opengovasia.com/2025/01/07/australian-federal-police-advanced-tech-for-cyber-resilience/,,imminent-monitor-rat-takedown,,australia-afp;eurojust;europol-ec3,australia,australia;colombia;czech-republic;netherlands;poland;spain;sweden;united-kingdom,ransomware-ic,malware-ic,matched,no_clear_international_cooperation_signal
2_데이터추출(국가_기관_범죄유형),148,2025,Operation Hawk,operation-hawk,https://www.insightsonindia.com/2025/05/01/operation-hawk/,,imminent-monitor-rat-takedown,fbi-cyber-division;interpol,australia-afp;eurojust;europol-ec3,india;united-states,australia;colombia;czech-republic;netherlands;poland;spain;sweden;united-kingdom,csam-ic,malware-ic,matched,
2_데이터추출(국가_기관_범죄유형),149,2025,Operation Moonlander,operation-moonlander,https://securityaffairs.com/177664/malware/operation-moonlander-dismantled-the-botnet-behind-anyproxy-and-5socks-cybercriminals-services.html,,imminent-monitor-rat-takedown,dutch-police;fbi-cyber-division;us-doj,australia-afp;eurojust;europol-ec3,netherlands;russia;united-states,australia;colombia;czech-republic;netherlands;poland;spain;sweden;united-kingdom,malware-ic,malware-ic,matched,
2_데이터추출(국가_기관_범죄유형),150,2025,Operation Phobos Aetor,operation-phobos-aetor,https://www.europol.europa.eu/media-press/newsroom/news/key-figures-behind-phobos-and-8base-ransomware-arrested-in-international-cybercrime-crackdown,2025-02-11-europol-phobos-8base-ransomware-arrests,operation-key-figures-behind-phobos-and-8base-ransomware-arrested,europol-ec3;fbi-cyber-division;uk-nca;us-doj,europol-ec3,belgium;france;germany;italy;netherlands;switzerland;united-kingdom;united-states,south-korea,ransomware-ic,ransomware-ic,matched,
2_데이터추출(국가_기관_범죄유형),151,2025,Operation Platforma,operation-platforma,https://a2news.com/english/shqiperia/kronike/rreth-3-milione-euro-dem-me-mashtrime-finalizohet-operacioni-n-i1147943,,imminent-monitor-rat-takedown,eurojust;europol-ec3,australia-afp;eurojust;europol-ec3,germany;israel,australia;colombia;czech-republic;netherlands;poland;spain;sweden;united-kingdom,,malware-ic,matched,no_target_six_crime_type_detected
2_데이터추출(국가_기관_범죄유형),152,2025,Operation Secure,operation-secure,https://www.helpnetsecurity.com/2025/06/11/operation-secure-cybercrime-infostealer-crackdown/,2025-04-01_helpnetsecurity-com_operation-secure-disrupts-global-infostealer-malware-operations,operation-secure-interpol,interpol,group-ib;interpol-igci;kaspersky-lab;trend-micro,,brunei;cambodia;hong-kong;india;indonesia;japan;kazakhstan;laos;macau;malaysia;philippines;singapore;south-korea;thailand;vietnam,malware-ic,malware-ic;ransomware-ic,matched,
2_데이터추출(국가_기관_범죄유형),153,2025,Operation Talent,operation-talent,https://cybernews.com/cybercrime/hacker-forums-cracked-nulled-mysellix-starkrdp-siezed-fbi-operation-talent/,,operation-talent,europol-ec3;fbi-cyber-division;germany-bka;us-doj,europol-ec3;fbi-cyber-division;germany-bka;us-doj,australia;france;germany;italy;romania;spain;united-states,australia;france;germany;greece;italy;romania;spain;united-states,malware-ic,malware-ic,matched,
2_데이터추출(국가_기관_범죄유형),156,2025,(가칭)Operation Asia ScamHub,operation-asia-scamhub,https://timesofindia.indiatimes.com/india/myanmar-style-cybercrime-operation-busted-near-andhra-sez-100-detained/articleshow/121324448.cms,,imminent-monitor-rat-takedown,,australia-afp;eurojust;europol-ec3,australia;india;united-kingdom;united-states,australia;colombia;czech-republic;netherlands;poland;spain;sweden;united-kingdom,,malware-ic,matched,no_target_six_crime_type_detected
2_데이터추출(국가_기관_범죄유형),157,2025,(가칭)Operation Karen Weblords,operation-karen-weblords,https://www.scworld.com/news/massive-cybercrime-operation-traced-back-to-myanmar-warlord,,imminent-monitor-rat-takedown,us-doj,australia-afp;eurojust;europol-ec3,united-states,australia;colombia;czech-republic;netherlands;poland;spain;sweden;united-kingdom,,malware-ic,matched,no_target_six_crime_type_detected;no_clear_international_cooperation_signal
2_데이터추출(국가_기관_범죄유형),158,2025,(가칭)Operation Qakbot,operation-qakbot,https://www.aa.com.tr/en/americas/us-charges-russian-man-allegedly-behind-global-cybercrime-network/3577168,,imminent-monitor-rat-takedown,fbi-cyber-division;us-doj,australia-afp;eurojust;europol-ec3,russia;united-states,australia;colombia;czech-republic;netherlands;poland;spain;sweden;united-kingdom,malware-ic;ransomware-ic,malware-ic,matched,
2_데이터추출(국가_기관_범죄유형),159,2025,(가칭)Operation Mekong ScamGrid,operation-mekong-scamgrid,https://www.occrp.org/en/news/un-transnational-cybercrime-in-southeast-asia-hits-record-high,,imminent-monitor-rat-takedown,,australia-afp;eurojust;europol-ec3,,australia;colombia;czech-republic;netherlands;poland;spain;sweden;united-kingdom,,malware-ic,matched,no_target_six_crime_type_detected;no_clear_international_cooperation_signal
2_데이터추출(국가_기관_범죄유형),160,2025,(가칭)Operation Grey Nickel,operation-grey-nickel,https://www.scworld.com/brief/iproov-uncovers-ai-driven-cybercrime-operation,,imminent-monitor-rat-takedown,,australia-afp;eurojust;europol-ec3,,australia;colombia;czech-republic;netherlands;poland;spain;sweden;united-kingdom,,malware-ic,matched,no_target_six_crime_type_detected;no_clear_international_cooperation_signal
2_데이터추출(국가_기관_범죄유형),161,2025,(가칭)Operation HackMarkets,operation-hackmarkets,https://www.reuters.com/technology/cybersecurity/international-law-enforcement-operation-targets-group-cybercrime-websites-2025-01-29/,,imminent-monitor-rat-takedown,europol-ec3;fbi-cyber-division;germany-bka,australia-afp;eurojust;europol-ec3,australia;france;italy;romania;spain;united-states,australia;colombia;czech-republic;netherlands;poland;spain;sweden;united-kingdom,malware-ic,malware-ic,matched,
2_데이터추출(국가_기관_범죄유형),162,2025,(가칭)Operation Lumma Cut,operation-lumma-cut,https://techxplore.com/news/2025-05-global-malware-federal-court-georgia.html,techxplore-911-s5-botnet-dismantling,imminent-monitor-rat-takedown,europol-ec3;fbi-cyber-division;us-doj,australia-afp;eurojust;europol-ec3,france;united-states,australia;colombia;czech-republic;netherlands;poland;spain;sweden;united-kingdom,malware-ic;ransomware-ic,malware-ic,matched,
2_데이터추출(국가_기관_범죄유형),163,2025,(가칭)Operation Phobos Lock,operation-phobos-lock,https://www.cbsnews.com/news/justice-department-charges-russian-men-cybercrime-ransomware/,cbs-news-hive-ransomware-infrastructure-takedown,hive-ransomware-takedown,fbi-cyber-division;germany-bka;us-doj,dutch-police;europol-ec3;fbi;german-bka;uk-nca;us-secret-service;usdoj,australia;germany;united-states,canada;france;germany;ireland;lithuania;netherlands;norway;portugal;romania;spain;sweden;united-kingdom;united-states,ransomware-ic,malware-ic,matched,
2_데이터추출(국가_기관_범죄유형),164,2025,(가칭)Operation FourSeas,operation-fourseas,https://www.gmanetwork.com/regionaltv/news/108133/17-taiwanese-in-cebu-city-fall-in-nbi-cybercrime-operation/story/,,imminent-monitor-rat-takedown,,australia-afp;eurojust;europol-ec3,,australia;colombia;czech-republic;netherlands;poland;spain;sweden;united-kingdom,,malware-ic,matched,no_target_six_crime_type_detected;no_clear_international_cooperation_signal
2_데이터추출(국가_기관_범죄유형),165,2025,(가칭)Operation Kanlaon Tower,operation-kanlaon-tower,https://usa.inquirer.net/172272/indonesia-extradites-29-cybercrime-suspects,,imminent-monitor-rat-takedown,interpol,australia-afp;eurojust;europol-ec3,,australia;colombia;czech-republic;netherlands;poland;spain;sweden;united-kingdom,,malware-ic,matched,no_target_six_crime_type_detected
